DATE,Dst,Kp
2012-12-1 0:00,11,3.4
2012-12-1 1:00,11,3.4
2012-12-1 2:00,10,3.8
2012-12-1 3:00,13,3.4
2012-12-1 4:00,15,3.4
2012-12-1 5:00,13,4.4
2012-12-1 6:00,11,4.2
2012-12-1 7:00,11,4.9
2012-12-1 8:00,13,4.8
2012-12-1 9:00,17,5.3
2012-12-1 10:00,17,5.6
2012-12-1 11:00,17,5.5
2012-12-1 12:00,16,5.1
2012-12-1 13:00,13,4.6
2012-12-1 14:00,17,3.9
2012-12-1 15:00,22,3.9
2012-12-1 16:00,20,4.7
2012-12-1 17:00,20,4
2012-12-1 18:00,14,6.1
2012-12-1 19:00,7,7.2
2012-12-1 20:00,6,6.9
2012-12-1 21:00,7,8.4
2012-12-1 22:00,5,9
2012-12-1 23:00,5,9.3
2012-12-2 0:00,3,10
2012-12-2 1:00,1,10.7
2012-12-2 2:00,1,10.7
2012-12-2 3:00,5,10.3
2012-12-2 4:00,6,10.3
2012-12-2 5:00,2,9.8
2012-12-2 6:00,0,9.2
2012-12-2 7:00,-3,8.4
2012-12-2 8:00,-2,8
2012-12-2 9:00,-10,9.8
2012-12-2 10:00,-6,10.1
2012-12-2 11:00,-4,9.9
2012-12-2 12:00,0,9.2
2012-12-2 13:00,-5,9.1
2012-12-2 14:00,-3,9.2
2012-12-2 15:00,-4,9.3
2012-12-2 16:00,-5,9.2
2012-12-2 17:00,-4,8.6
2012-12-2 18:00,-2,8.2
2012-12-2 19:00,-1,8.1
2012-12-2 20:00,1,7.4
2012-12-2 21:00,2,7.6
2012-12-2 22:00,1,7.9
2012-12-2 23:00,2,8.1
2012-12-3 0:00,2,8.5
2012-12-3 1:00,1,7.8
2012-12-3 2:00,1,8.2
2012-12-3 3:00,0,8.4
2012-12-3 4:00,-1,8.1
2012-12-3 5:00,0,8.1
2012-12-3 6:00,-1,9
2012-12-3 7:00,0,10.1
2012-12-3 8:00,5,10.2
2012-12-3 9:00,5,10.4
2012-12-3 10:00,8,10.6
2012-12-3 11:00,8,10.6
2012-12-3 12:00,8,10.9
2012-12-3 13:00,9,11
2012-12-3 14:00,8,11
2012-12-3 15:00,6,11.1
2012-12-3 16:00,7,11.5
2012-12-3 17:00,7,11.3
2012-12-3 18:00,8,11.4
2012-12-3 19:00,11,11.8
2012-12-3 20:00,11,12.6
2012-12-3 21:00,11,11.6
2012-12-3 22:00,13,7.5
2012-12-3 23:00,10,9.6
2012-12-4 0:00,12,11.3
2012-12-4 1:00,13,11.3
2012-12-4 2:00,16,10.9
2012-12-4 3:00,15,9.8
2012-12-4 4:00,11,10.2
2012-12-4 5:00,10,10.1
2012-12-4 6:00,5,9.8
2012-12-4 7:00,6,7.3
2012-12-4 8:00,10,6.9
2012-12-4 9:00,12,5.8
2012-12-4 10:00,10,6.8
2012-12-4 11:00,8,3.3
2012-12-4 12:00,5,3.7
2012-12-4 13:00,3,3.8
2012-12-4 14:00,4,3.3
2012-12-4 15:00,4,3.3
2012-12-4 16:00,2,3.1
2012-12-4 17:00,3,2.5
2012-12-4 18:00,3,2.9
2012-12-4 19:00,2,2.7
2012-12-4 20:00,3,2.7
2012-12-4 21:00,5,2.7
2012-12-4 22:00,4,2.4
2012-12-4 23:00,2,1.8
2012-12-5 0:00,1,2.3
2012-12-5 1:00,1,2.3
2012-12-5 2:00,1,1.8
2012-12-5 3:00,1,2.3
2012-12-5 4:00,1,2.6
2012-12-5 5:00,1,2.3
2012-12-5 6:00,0,2
2012-12-5 7:00,-1,2.3
2012-12-5 8:00,0,2.4
2012-12-5 9:00,4,2.5
2012-12-5 10:00,9,2.8
2012-12-5 11:00,9,2.6
2012-12-5 12:00,8,2.5
2012-12-5 13:00,7,2.7
2012-12-5 14:00,7,3.1
2012-12-5 15:00,8,3
2012-12-5 16:00,6,3.1
2012-12-5 17:00,5,2.9
2012-12-5 18:00,5,3.1
2012-12-5 19:00,6,3.1
2012-12-5 20:00,6,3.1
2012-12-5 21:00,7,3
2012-12-5 22:00,6,3
2012-12-5 23:00,6,3
2012-12-6 0:00,6,2.8
2012-12-6 1:00,5,3.1
2012-12-6 2:00,5,2.8
2012-12-6 3:00,7,2.6
2012-12-6 4:00,7,2.7
2012-12-6 5:00,8,2.7
2012-12-6 6:00,8,3.1
2012-12-6 7:00,6,3.3
2012-12-6 8:00,7,3.1
2012-12-6 9:00,10,2.3
2012-12-6 10:00,11,2.4
2012-12-6 11:00,8,2.5
2012-12-6 12:00,6,2.1
2012-12-6 13:00,4,2.1
2012-12-6 14:00,4,2.1
2012-12-6 15:00,4,2.4
2012-12-6 16:00,5,2.5
2012-12-6 17:00,6,2.7
2012-12-6 18:00,7,2.6
2012-12-6 19:00,7,2.6
2012-12-6 20:00,8,2.7
2012-12-6 21:00,9,2.7
2012-12-6 22:00,9,2.9
2012-12-6 23:00,7,3
2012-12-7 0:00,7,3.1
2012-12-7 1:00,6,3.2
2012-12-7 2:00,5,3.2
2012-12-7 3:00,7,3.1
2012-12-7 4:00,8,3.2
2012-12-7 5:00,9,3
2012-12-7 6:00,10,3.1
2012-12-7 7:00,12,3.2
2012-12-7 8:00,14,3.3
2012-12-7 9:00,15,3.9
2012-12-7 10:00,14,3.9
2012-12-7 11:00,12,3.3
2012-12-7 12:00,11,2.9
2012-12-7 13:00,11,2.4
2012-12-7 14:00,12,2.2
2012-12-7 15:00,13,2.3
2012-12-7 16:00,12,2.2
2012-12-7 17:00,13,1.6
2012-12-7 18:00,14,1.7
2012-12-7 19:00,13,1.5
2012-12-7 20:00,13,1
2012-12-7 21:00,14,1.1
2012-12-7 22:00,12,1.1
2012-12-7 23:00,12,1.5
2012-12-8 0:00,12,1.1
2012-12-8 1:00,11,1.2
2012-12-8 2:00,11,1.8
2012-12-8 3:00,12,1.7
2012-12-8 4:00,14,1.5
2012-12-8 5:00,17,1
2012-12-8 6:00,19,0.9
2012-12-8 7:00,20,1.6
2012-12-8 8:00,20,2.4
2012-12-8 9:00,18,2
2012-12-8 10:00,15,2.6
2012-12-8 11:00,18,2.9
2012-12-8 12:00,20,3
2012-12-8 13:00,20,3.6
2012-12-8 14:00,21,3.4
2012-12-8 15:00,20,3.2
2012-12-8 16:00,20,3
2012-12-8 17:00,20,3.3
2012-12-8 18:00,22,3.3
2012-12-8 19:00,21,3.4
2012-12-8 20:00,20,4
2012-12-8 21:00,25,3.7
2012-12-8 22:00,28,3.7
2012-12-8 23:00,28,4.4
2012-12-9 0:00,28,4.5
2012-12-9 1:00,28,4.7
2012-12-9 2:00,28,4.7
2012-12-9 3:00,29,4.5
2012-12-9 4:00,25,6.8
2012-12-9 5:00,28,6.2
2012-12-9 6:00,27,8
2012-12-9 7:00,27,8.6
2012-12-9 8:00,27,7.2
2012-12-9 9:00,22,7.2
2012-12-9 10:00,20,6.3
2012-12-9 11:00,22,6.1
2012-12-9 12:00,24,6.3
2012-12-9 13:00,18,5.9
2012-12-9 14:00,14,6
2012-12-9 15:00,10,7
2012-12-9 16:00,7,6.7
2012-12-9 17:00,6,6.4
2012-12-9 18:00,5,6
2012-12-9 19:00,3,6.2
2012-12-9 20:00,0,6.1
2012-12-9 21:00,-4,5.7
2012-12-9 22:00,-3,5.7
2012-12-9 23:00,0,5.4
2012-12-10 0:00,-1,4.2
2012-12-10 1:00,1,5.6
2012-12-10 2:00,2,4.2
2012-12-10 3:00,1,4.7
2012-12-10 4:00,1,4.4
2012-12-10 5:00,-2,5
2012-12-10 6:00,-4,5.1
2012-12-10 7:00,-6,4.9
2012-12-10 8:00,-5,4.6
2012-12-10 9:00,-2,4.5
2012-12-10 10:00,-4,4.6
2012-12-10 11:00,-1,4.7
2012-12-10 12:00,3,4.5
2012-12-10 13:00,2,4.5
2012-12-10 14:00,3,5.4
2012-12-10 15:00,8,7.5
2012-12-10 16:00,10,7.5
2012-12-10 17:00,13,6.7
2012-12-10 18:00,15,5.8
2012-12-10 19:00,16,4.6
2012-12-10 20:00,15,4
2012-12-10 21:00,13,4.5
2012-12-10 22:00,11,4.6
2012-12-10 23:00,10,5.4
2012-12-11 0:00,11,4
2012-12-11 1:00,10,4.2
2012-12-11 2:00,9,3.3
2012-12-11 3:00,7,3.3
2012-12-11 4:00,7,3.1
2012-12-11 5:00,5,3.1
2012-12-11 6:00,4,3.3
2012-12-11 7:00,3,3.4
2012-12-11 8:00,5,2.4
2012-12-11 9:00,9,3.1
2012-12-11 10:00,11,3.7
2012-12-11 11:00,13,4
2012-12-11 12:00,14,3.7
2012-12-11 13:00,18,2.9
2012-12-11 14:00,17,3.3
2012-12-11 15:00,14,3.2
2012-12-11 16:00,13,3.2
2012-12-11 17:00,14,3.3
2012-12-11 18:00,18,3.3
2012-12-11 19:00,17,3.6
2012-12-11 20:00,16,4.2
2012-12-11 21:00,17,4.4
2012-12-11 22:00,17,4.6
2012-12-11 23:00,15,5.1
2012-12-12 0:00,14,4.6
2012-12-12 1:00,15,4.8
2012-12-12 2:00,21,4.7
2012-12-12 3:00,22,4.5
2012-12-12 4:00,22,4.7
2012-12-12 5:00,20,5
2012-12-12 6:00,19,4.5
2012-12-12 7:00,19,4.1
2012-12-12 8:00,17,2.8
2012-12-12 9:00,16,3.5
2012-12-12 10:00,16,4.4
2012-12-12 11:00,16,6.2
2012-12-12 12:00,13,6.5
2012-12-12 13:00,13,5.5
2012-12-12 14:00,16,4.2
2012-12-12 15:00,17,4
2012-12-12 16:00,16,5
2012-12-12 17:00,16,5.2
2012-12-12 18:00,18,5.1
2012-12-12 19:00,18,4.9
2012-12-12 20:00,17,4.7
2012-12-12 21:00,14,5
2012-12-12 22:00,12,5.2
2012-12-12 23:00,10,5
2012-12-13 0:00,9,5.1
2012-12-13 1:00,9,5.9
2012-12-13 2:00,5,5.9
2012-12-13 3:00,1,6.5
2012-12-13 4:00,3,5
2012-12-13 5:00,3,5.3
2012-12-13 6:00,3,5.4
2012-12-13 7:00,2,4.9
2012-12-13 8:00,3,4.5
2012-12-13 9:00,3,4.4
2012-12-13 10:00,2,4
2012-12-13 11:00,3,3.2
2012-12-13 12:00,6,3.7
2012-12-13 13:00,11,2.7
2012-12-13 14:00,13,3.6
2012-12-13 15:00,10,3.8
2012-12-13 16:00,5,4.6
2012-12-13 17:00,5,4.6
2012-12-13 18:00,10,2.3
2012-12-13 19:00,15,2.4
2012-12-13 20:00,17,3.5
2012-12-13 21:00,16,2.6
2012-12-13 22:00,14,2.1
2012-12-13 23:00,14,2.1
2012-12-14 0:00,16,3.2
2012-12-14 1:00,12,4.6
2012-12-14 2:00,13,6.4
2012-12-14 3:00,15,4
2012-12-14 4:00,15,6.9
2012-12-14 5:00,17,6.9
2012-12-14 6:00,18,5.7
2012-12-14 7:00,16,6
2012-12-14 8:00,13,5.1
2012-12-14 9:00,10,8
2012-12-14 10:00,9,8
2012-12-14 11:00,12,7.8
2012-12-14 12:00,14,7.4
2012-12-14 13:00,13,6.9
2012-12-14 14:00,13,6.4
2012-12-14 15:00,13,6.2
2012-12-14 16:00,10,6.1
2012-12-14 17:00,7,6.8
2012-12-14 18:00,9,6.2
2012-12-14 19:00,11,6
2012-12-14 20:00,17,8.4
2012-12-14 21:00,12,8.4
2012-12-14 22:00,11,7.9
2012-12-14 23:00,12,8.6
2012-12-15 0:00,11,8.5
2012-12-15 1:00,16,10.5
2012-12-15 2:00,12,10.5
2012-12-15 3:00,10,9.6
2012-12-15 4:00,7,8.9
2012-12-15 5:00,8,8.9
2012-12-15 6:00,5,8.8
2012-12-15 7:00,3,8.5
2012-12-15 8:00,-2,7.8
2012-12-15 9:00,-4,7.5
2012-12-15 10:00,-4,7.9
2012-12-15 11:00,-6,8.3
2012-12-15 12:00,-4,8.4
2012-12-15 13:00,-5,7.3
2012-12-15 14:00,1,6.6
2012-12-15 15:00,-3,5.6
2012-12-15 16:00,-12,4.7
2012-12-15 17:00,-13,4.9
2012-12-15 18:00,-7,5.4
2012-12-15 19:00,-6,5.9
2012-12-15 20:00,-5,5.9
2012-12-15 21:00,-3,5.9
2012-12-15 22:00,0,6.5
2012-12-15 23:00,1,6.3
2012-12-16 0:00,0,6.9
2012-12-16 1:00,2,7.2
2012-12-16 2:00,2,7.2
2012-12-16 3:00,1,7
2012-12-16 4:00,1,6.7
2012-12-16 5:00,-4,7.3
2012-12-16 6:00,-10,7.4
2012-12-16 7:00,-7,7.3
2012-12-16 8:00,-4,7
2012-12-16 9:00,-7,6.9
2012-12-16 10:00,-12,6
2012-12-16 11:00,-14,5.9
2012-12-16 12:00,-16,7.3
2012-12-16 13:00,-13,6.6
2012-12-16 14:00,-10,6.8
2012-12-16 15:00,-5,6.6
2012-12-16 16:00,-4,5.9
2012-12-16 17:00,-3,5.9
2012-12-16 18:00,5,8.4
2012-12-16 19:00,9,7.8
2012-12-16 20:00,13,6.6
2012-12-16 21:00,11,6.6
2012-12-16 22:00,7,6.3
2012-12-16 23:00,4,6.1
2012-12-17 0:00,5,6.6
2012-12-17 1:00,-1,6.9
2012-12-17 2:00,-1,6.6
2012-12-17 3:00,2,6.6
2012-12-17 4:00,-1,6.6
2012-12-17 5:00,-5,6.2
2012-12-17 6:00,-8,6.5
2012-12-17 7:00,-6,6.6
2012-12-17 8:00,-8,8.6
2012-12-17 9:00,-5,8.3
2012-12-17 10:00,-2,7.6
2012-12-17 11:00,-3,7.8
2012-12-17 12:00,-11,8.4
2012-12-17 13:00,-9,8.7
2012-12-17 14:00,-9,8.7
2012-12-17 15:00,-6,8.8
2012-12-17 16:00,-3,9
2012-12-17 17:00,-3,9
2012-12-17 18:00,0,8.8
2012-12-17 19:00,5,7.8
2012-12-17 20:00,10,7.4
2012-12-17 21:00,11,7.7
2012-12-17 22:00,9,7.4
2012-12-17 23:00,7,7.3
2012-12-18 0:00,4,7.2
2012-12-18 1:00,1,7.7
2012-12-18 2:00,0,8.4
2012-12-18 3:00,-2,8.3
2012-12-18 4:00,-3,7.6
2012-12-18 5:00,-4,7.4
2012-12-18 6:00,-5,7.3
2012-12-18 7:00,-5,7.5
2012-12-18 8:00,-5,7.3
2012-12-18 9:00,1,7.2
2012-12-18 10:00,2,6.9
2012-12-18 11:00,-4,6.2
2012-12-18 12:00,-4,6.3
2012-12-18 13:00,0,6.7
2012-12-18 14:00,-1,6
2012-12-18 15:00,-3,4.7
2012-12-18 16:00,-2,4.2
2012-12-18 17:00,1,3.9
2012-12-18 18:00,5,4.1
2012-12-18 19:00,6,3.9
2012-12-18 20:00,6,3.9
2012-12-18 21:00,6,3.7
2012-12-18 22:00,8,3.5
2012-12-18 23:00,9,3.2
2012-12-19 0:00,9,3.3
2012-12-19 1:00,6,3.8
2012-12-19 2:00,4,3.6
2012-12-19 3:00,4,3.3
2012-12-19 4:00,3,3.6
2012-12-19 5:00,0,4.3
2012-12-19 6:00,-2,3.3
2012-12-19 7:00,2,3.3
2012-12-19 8:00,6,3.3
2012-12-19 9:00,2,3.6
2012-12-19 10:00,-1,3.7
2012-12-19 11:00,-3,4.1
2012-12-19 12:00,-4,4.3
2012-12-19 13:00,-4,3.6
2012-12-19 14:00,-2,3.8
2012-12-19 15:00,-2,4
2012-12-19 16:00,0,4
2012-12-19 17:00,2,4.3
2012-12-19 18:00,4,3.9
2012-12-19 19:00,6,3.3
2012-12-19 20:00,6,2.9
2012-12-19 21:00,9,2.9
2012-12-19 22:00,9,3.5
2012-12-19 23:00,11,3.6
2012-12-20 0:00,12,3.9
2012-12-20 1:00,10,4.1
2012-12-20 2:00,9,4.4
2012-12-20 3:00,7,4.9
2012-12-20 4:00,5,3.7
2012-12-20 5:00,6,3.9
2012-12-20 6:00,6,4
2012-12-20 7:00,6,4.2
2012-12-20 8:00,7,4.6
2012-12-20 9:00,9,5.5
2012-12-20 10:00,7,5.6
2012-12-20 11:00,1,5.5
2012-12-20 12:00,1,6.1
2012-12-20 13:00,1,6
2012-12-20 14:00,-6,5.7
2012-12-20 15:00,-13,5.3
2012-12-20 16:00,-10,4.9
2012-12-20 17:00,-6,4.9
2012-12-20 18:00,-8,4.4
2012-12-20 19:00,-6,4.3
2012-12-20 20:00,-4,3.8
2012-12-20 21:00,-2,3.6
2012-12-20 22:00,-4,3.6
2012-12-20 23:00,-4,3.6
2012-12-21 0:00,-2,3.5
2012-12-21 1:00,-1,3.4
2012-12-21 2:00,0,3.2
2012-12-21 3:00,0,3
2012-12-21 4:00,-2,3
2012-12-21 5:00,-1,2.9
2012-12-21 6:00,-1,2.8
2012-12-21 7:00,0,2.5
2012-12-21 8:00,-1,2.7
2012-12-21 9:00,-1,2.7
2012-12-21 10:00,-1,2.5
2012-12-21 11:00,-2,2.8
2012-12-21 12:00,-3,2.9
2012-12-21 13:00,-2,2.8
2012-12-21 14:00,-2,2.8
2012-12-21 15:00,-2,2.6
2012-12-21 16:00,-1,2.8
2012-12-21 17:00,-3,2.6
2012-12-21 18:00,-4,2.6
2012-12-21 19:00,-1,2.3
2012-12-21 20:00,1,2.1
2012-12-21 21:00,2,2.2
2012-12-21 22:00,5,2
2012-12-21 23:00,7,2
2012-12-22 0:00,7,2.2
2012-12-22 1:00,7,2
2012-12-22 2:00,7,2.1
2012-12-22 3:00,7,2.6
2012-12-22 4:00,5,2.5
2012-12-22 5:00,4,2.7
2012-12-22 6:00,3,2.7
2012-12-22 7:00,2,2.4
2012-12-22 8:00,0,2.5
2012-12-22 9:00,1,2.4
2012-12-22 10:00,3,2.2
2012-12-22 11:00,5,1.9
2012-12-22 12:00,7,2
2012-12-22 13:00,5,2
2012-12-22 14:00,5,2.3
2012-12-22 15:00,6,2
2012-12-22 16:00,3,2
2012-12-22 17:00,3,1.9
2012-12-22 18:00,8,2.3
2012-12-22 19:00,9,3.2
2012-12-22 20:00,9,3.3
2012-12-22 21:00,8,3.3
2012-12-22 22:00,9,3.3
2012-12-22 23:00,12,3
2012-12-23 0:00,15,3
2012-12-23 1:00,18,3
2012-12-23 2:00,15,2.8
2012-12-23 3:00,14,2.8
2012-12-23 4:00,12,2.7
2012-12-23 5:00,11,2.6
2012-12-23 6:00,13,2.8
2012-12-23 7:00,16,2.8
2012-12-23 8:00,17,2.7
2012-12-23 9:00,16,2.6
2012-12-23 10:00,14,2.6
2012-12-23 11:00,14,3.1
2012-12-23 12:00,15,3.3
2012-12-23 13:00,12,3.4
2012-12-23 14:00,7,4
2012-12-23 15:00,5,4.4
2012-12-23 16:00,4,4.7
2012-12-23 17:00,4,4.3
2012-12-23 18:00,6,4.1
2012-12-23 19:00,9,4
2012-12-23 20:00,12,4.1
2012-12-23 21:00,13,3.6
2012-12-23 22:00,14,4.1
2012-12-23 23:00,16,4.3
2012-12-24 0:00,20,4
2012-12-24 1:00,21,3.4
2012-12-24 2:00,16,1.6
2012-12-24 3:00,13,2.9
2012-12-24 4:00,12,3.8
2012-12-24 5:00,14,3.7
2012-12-24 6:00,16,4.2
2012-12-24 7:00,16,4.2
2012-12-24 8:00,16,4.1
2012-12-24 9:00,13,4.8
2012-12-24 10:00,12,4.9
2012-12-24 11:00,13,4.4
2012-12-24 12:00,17,4.2
2012-12-24 13:00,17,4.5
2012-12-24 14:00,17,4.8
2012-12-24 15:00,12,4.9
2012-12-24 16:00,6,4.8
2012-12-24 17:00,2,4.5
2012-12-24 18:00,2,4.1
2012-12-24 19:00,5,4.2
2012-12-24 20:00,8,4.5
2012-12-24 21:00,9,3.5
2012-12-24 22:00,10,2.5
2012-12-24 23:00,12,3.1
2012-12-25 0:00,15,2.7
2012-12-25 1:00,15,3.1
2012-12-25 2:00,14,3.4
2012-12-25 3:00,13,3.5
2012-12-25 4:00,14,4.1
2012-12-25 5:00,14,4.4
2012-12-25 6:00,11,4.2
2012-12-25 7:00,10,3.8
2012-12-25 8:00,10,4
2012-12-25 9:00,8,4.2
2012-12-25 10:00,7,4
2012-12-25 11:00,7,3.9
2012-12-25 12:00,8,3.8
2012-12-25 13:00,8,4.3
2012-12-25 14:00,8,4.5
2012-12-25 15:00,8,4.7
2012-12-25 16:00,6,4.7
2012-12-25 17:00,3,4.6
2012-12-25 18:00,3,4.3
2012-12-25 19:00,6,4.2
2012-12-25 20:00,8,4.3
2012-12-25 21:00,12,4.2
2012-12-25 22:00,14,3.8
2012-12-25 23:00,15,3.6
2012-12-26 0:00,15,3.6
2012-12-26 1:00,15,4.3
2012-12-26 2:00,15,4.3
2012-12-26 3:00,14,4.1
2012-12-26 4:00,12,4.2
2012-12-26 5:00,11,4.3
2012-12-26 6:00,10,4.6
2012-12-26 7:00,11,4.7
2012-12-26 8:00,13,3.9
2012-12-26 9:00,11,4.2
2012-12-26 10:00,9,4.6
2012-12-26 11:00,9,5.1
2012-12-26 12:00,5,5.4
2012-12-26 13:00,2,5.8
2012-12-26 14:00,6,5.3
2012-12-26 15:00,7,5.1
2012-12-26 16:00,8,4.9
2012-12-26 17:00,7,5
2012-12-26 18:00,6,4.9
2012-12-26 19:00,8,4.7
2012-12-26 20:00,8,4.9
2012-12-26 21:00,9,5
2012-12-26 22:00,9,4.7
2012-12-26 23:00,8,4.4
2012-12-27 0:00,9,4.1
2012-12-27 1:00,10,4.4
2012-12-27 2:00,12,3.6
2012-12-27 3:00,12,3.6
2012-12-27 4:00,10,3.5
2012-12-27 5:00,9,3.2
2012-12-27 6:00,8,3.6
2012-12-27 7:00,9,3.6
2012-12-27 8:00,9,3.5
2012-12-27 9:00,9,2.8
2012-12-27 10:00,7,3.1
2012-12-27 11:00,10,2.7
2012-12-27 12:00,11,2.6
2012-12-27 13:00,13,2.6
2012-12-27 14:00,14,2.4
2012-12-27 15:00,15,2.3
2012-12-27 16:00,16,2.9
2012-12-27 17:00,17,2.9
2012-12-27 18:00,15,2.9
2012-12-27 19:00,14,2.7
2012-12-27 20:00,13,3.2
2012-12-27 21:00,13,3.9
2012-12-27 22:00,14,4
2012-12-27 23:00,14,3.9
2012-12-28 0:00,17,3.8
2012-12-28 1:00,17,3.6
2012-12-28 2:00,17,3.3
2012-12-28 3:00,18,3.2
2012-12-28 4:00,19,3.1
2012-12-28 5:00,22,3.9
2012-12-28 6:00,22,4.9
2012-12-28 7:00,22,5.4
2012-12-28 8:00,21,5.2
2012-12-28 9:00,19,4.8
2012-12-28 10:00,17,4.8
2012-12-28 11:00,17,3.5
2012-12-28 12:00,19,4.1
2012-12-28 13:00,19,5.5
2012-12-28 14:00,19,6.1
2012-12-28 15:00,20,5.8
2012-12-28 16:00,18,5.1
2012-12-28 17:00,16,4.7
2012-12-28 18:00,14,5
2012-12-28 19:00,16,4.6
2012-12-28 20:00,14,4.7
2012-12-28 21:00,11,5.1
2012-12-28 22:00,10,5
2012-12-28 23:00,12,5.1
2012-12-29 0:00,13,5
2012-12-29 1:00,12,5.4
2012-12-29 2:00,12,6.2
2012-12-29 3:00,12,6.3
2012-12-29 4:00,12,5.7
2012-12-29 5:00,9,5
2012-12-29 6:00,9,4.6
2012-12-29 7:00,5,5.2
2012-12-29 8:00,0,4.6
2012-12-29 9:00,-1,4.5
2012-12-29 10:00,-2,4.4
2012-12-29 11:00,5,4.5
2012-12-29 12:00,10,4.7
2012-12-29 13:00,10,4.9
2012-12-29 14:00,12,5.3
2012-12-29 15:00,14,5.2
2012-12-29 16:00,14,4.8
2012-12-29 17:00,13,5.2
2012-12-29 18:00,12,4.6
2012-12-29 19:00,12,4.7
2012-12-29 20:00,9,5.1
2012-12-29 21:00,7,5.5
2012-12-29 22:00,3,5.4
2012-12-29 23:00,6,6.9
2012-12-30 0:00,10,7.6
2012-12-30 1:00,14,8.5
2012-12-30 2:00,16,8.7
2012-12-30 3:00,16,8.4
2012-12-30 4:00,17,7.9
2012-12-30 5:00,16,7.4
2012-12-30 6:00,17,8
2012-12-30 7:00,20,9.9
2012-12-30 8:00,21,11.2
2012-12-30 9:00,25,11
2012-12-30 10:00,21,9.7
2012-12-30 11:00,14,9.8
2012-12-30 12:00,14,10.1
2012-12-30 13:00,19,10.1
2012-12-30 14:00,19,8
2012-12-30 15:00,15,7
2012-12-30 16:00,9,8.6
2012-12-30 17:00,11,7.9
2012-12-30 18:00,6,7.8
2012-12-30 19:00,4,6.9
2012-12-30 20:00,5,5.5
2012-12-30 21:00,2,4.9
2012-12-30 22:00,4,4.3
2012-12-30 23:00,2,4.2
2012-12-31 0:00,2,4.4
2012-12-31 1:00,6,4
2012-12-31 2:00,10,4
2012-12-31 3:00,12,3.8
2012-12-31 4:00,10,4
2012-12-31 5:00,9,4
2012-12-31 6:00,8,3.7
2012-12-31 7:00,10,3.5
2012-12-31 8:00,12,3
2012-12-31 9:00,11,3.1
2012-12-31 10:00,7,3.5
2012-12-31 11:00,4,3.4
2012-12-31 12:00,4,3.4
2012-12-31 13:00,3,3.3
2012-12-31 14:00,3,3.3
2012-12-31 15:00,4,3
2012-12-31 16:00,4,2.8
2012-12-31 17:00,2,2.6
2012-12-31 18:00,4,2.8
2012-12-31 19:00,4,2.6
2012-12-31 20:00,5,2.7
2012-12-31 21:00,7,2.8
2012-12-31 22:00,8,2.2
2012-12-31 23:00,8,2.2
2013-1-1 0:00,4,2.4
2013-1-1 1:00,4,2.5
2013-1-1 2:00,3,2.8
2013-1-1 3:00,2,3
2013-1-1 4:00,1,3
2013-1-1 5:00,3,3.1
2013-1-1 6:00,1,3
2013-1-1 7:00,0,3
2013-1-1 8:00,-1,3
2013-1-1 9:00,-3,3
2013-1-1 10:00,-4,3.1
2013-1-1 11:00,-4,2.9
2013-1-1 12:00,-1,3
2013-1-1 13:00,2,2.9
2013-1-1 14:00,1,2.7
2013-1-1 15:00,0,2.6
2013-1-1 16:00,-1,2.5
2013-1-1 17:00,0,2.6
2013-1-1 18:00,2,2.5
2013-1-1 19:00,3,2.6
2013-1-1 20:00,1,2.9
2013-1-1 21:00,2,2.8
2013-1-1 22:00,3,2.7
2013-1-1 23:00,5,3
2013-1-2 0:00,7,3.1
2013-1-2 1:00,9,3.1
2013-1-2 2:00,10,3
2013-1-2 3:00,10,2.9
2013-1-2 4:00,10,3.1
2013-1-2 5:00,11,3.1
2013-1-2 6:00,11,1.8
2013-1-2 7:00,6,4.1
2013-1-2 8:00,2,4.5
2013-1-2 9:00,-2,4.3
2013-1-2 10:00,-3,4.4
2013-1-2 11:00,0,3.5
2013-1-2 12:00,3,4.3
2013-1-2 13:00,0,5
2013-1-2 14:00,-2,5.4
2013-1-2 15:00,-1,5.4
2013-1-2 16:00,-1,5.1
2013-1-2 17:00,1,4.9
2013-1-2 18:00,3,3.6
2013-1-2 19:00,5,2.7
2013-1-2 20:00,5,3.6
2013-1-2 21:00,3,3.4
2013-1-2 22:00,1,2.8
2013-1-2 23:00,2,1.8
2013-1-3 0:00,7,2.6
2013-1-3 1:00,8,2.1
2013-1-3 2:00,11,2.1
2013-1-3 3:00,12,2.3
2013-1-3 4:00,11,3
2013-1-3 5:00,11,2.5
2013-1-3 6:00,9,2.5
2013-1-3 7:00,9,2.2
2013-1-3 8:00,9,2.2
2013-1-3 9:00,11,2.1
2013-1-3 10:00,11,1
2013-1-3 11:00,16,1.2
2013-1-3 12:00,20,1
2013-1-3 13:00,20,2.6
2013-1-3 14:00,19,2.7
2013-1-3 15:00,16,2.5
2013-1-3 16:00,13,1.9
2013-1-3 17:00,9,3.4
2013-1-3 18:00,7,4.4
2013-1-3 19:00,8,4.7
2013-1-3 20:00,10,4.8
2013-1-3 21:00,10,5
2013-1-3 22:00,7,5.1
2013-1-3 23:00,6,4.9
2013-1-4 0:00,5,4.7
2013-1-4 1:00,5,4.4
2013-1-4 2:00,11,4.1
2013-1-4 3:00,13,5.1
2013-1-4 4:00,12,4.3
2013-1-4 5:00,11,5.1
2013-1-4 6:00,9,5.2
2013-1-4 7:00,9,5.2
2013-1-4 8:00,8,5.8
2013-1-4 9:00,8,3.9
2013-1-4 10:00,9,4.4
2013-1-4 11:00,11,4.8
2013-1-4 12:00,12,3.5
2013-1-4 13:00,13,2.8
2013-1-4 14:00,14,3.9
2013-1-4 15:00,14,4.2
2013-1-4 16:00,9,3.8
2013-1-4 17:00,12,4
2013-1-4 18:00,12,3.9
2013-1-4 19:00,8,3.9
2013-1-4 20:00,7,4.7
2013-1-4 21:00,3,4.9
2013-1-4 22:00,1,4.2
2013-1-4 23:00,1,3.3
2013-1-5 0:00,2,3.6
2013-1-5 1:00,2,3.5
2013-1-5 2:00,4,3.2
2013-1-5 3:00,5,3.9
2013-1-5 4:00,6,3.7
2013-1-5 5:00,6,3.8
2013-1-5 6:00,6,4
2013-1-5 7:00,5,4
2013-1-5 8:00,7,4
2013-1-5 9:00,8,4.1
2013-1-5 10:00,8,4.2
2013-1-5 11:00,9,4.6
2013-1-5 12:00,9,4.7
2013-1-5 13:00,9,4.4
2013-1-5 14:00,10,4.2
2013-1-5 15:00,9,4.3
2013-1-5 16:00,5,4.5
2013-1-5 17:00,4,4.5
2013-1-5 18:00,5,4.4
2013-1-5 19:00,6,4.2
2013-1-5 20:00,7,4.6
2013-1-5 21:00,6,4.7
2013-1-5 22:00,4,4.7
2013-1-5 23:00,0,4.8
2013-1-6 0:00,-3,4.7
2013-1-6 1:00,-3,4.4
2013-1-6 2:00,0,4.2
2013-1-6 3:00,3,4.3
2013-1-6 4:00,7,4.9
2013-1-6 5:00,8,5.4
2013-1-6 6:00,9,5.7
2013-1-6 7:00,12,5.9
2013-1-6 8:00,15,6.4
2013-1-6 9:00,16,6.3
2013-1-6 10:00,18,5.1
2013-1-6 11:00,19,5.3
2013-1-6 12:00,17,7.2
2013-1-6 13:00,18,8
2013-1-6 14:00,22,7.4
2013-1-6 15:00,21,6
2013-1-6 16:00,17,4.4
2013-1-6 17:00,10,8.7
2013-1-6 18:00,9,7.9
2013-1-6 19:00,11,7.2
2013-1-6 20:00,15,6.7
2013-1-6 21:00,14,5.8
2013-1-6 22:00,11,4.5
2013-1-6 23:00,6,6.2
2013-1-7 0:00,5,5.7
2013-1-7 1:00,4,5.4
2013-1-7 2:00,4,4.9
2013-1-7 3:00,6,4.6
2013-1-7 4:00,7,4.4
2013-1-7 5:00,7,5.4
2013-1-7 6:00,4,5.7
2013-1-7 7:00,3,6.2
2013-1-7 8:00,5,5.9
2013-1-7 9:00,8,5.3
2013-1-7 10:00,12,5.4
2013-1-7 11:00,16,5.7
2013-1-7 12:00,17,5.3
2013-1-7 13:00,16,4.8
2013-1-7 14:00,16,4.4
2013-1-7 15:00,16,4.3
2013-1-7 16:00,14,4.8
2013-1-7 17:00,13,4.3
2013-1-7 18:00,14,3.5
2013-1-7 19:00,13,3
2013-1-7 20:00,8,2.9
2013-1-7 21:00,8,3.2
2013-1-7 22:00,3,3.5
2013-1-7 23:00,3,4.8
2013-1-8 0:00,2,4.8
2013-1-8 1:00,1,3.9
2013-1-8 2:00,2,4.1
2013-1-8 3:00,3,3.6
2013-1-8 4:00,4,3.6
2013-1-8 5:00,6,3.8
2013-1-8 6:00,7,3.9
2013-1-8 7:00,7,3.9
2013-1-8 8:00,7,3.4
2013-1-8 9:00,5,3.5
2013-1-8 10:00,5,3.9
2013-1-8 11:00,11,4.8
2013-1-8 12:00,14,4.6
2013-1-8 13:00,16,4.6
2013-1-8 14:00,20,3.9
2013-1-8 15:00,19,3.9
2013-1-8 16:00,14,4
2013-1-8 17:00,11,4.4
2013-1-8 18:00,10,4.5
2013-1-8 19:00,9,4.5
2013-1-8 20:00,7,5.1
2013-1-8 21:00,1,5.3
2013-1-8 22:00,-1,5.6
2013-1-8 23:00,2,5.4
2013-1-9 0:00,1,5.6
2013-1-9 1:00,0,5
2013-1-9 2:00,7,4.8
2013-1-9 3:00,10,4.6
2013-1-9 4:00,9,3.2
2013-1-9 5:00,6,2.5
2013-1-9 6:00,3,2.9
2013-1-9 7:00,4,3.2
2013-1-9 8:00,5,4
2013-1-9 9:00,5,4.2
2013-1-9 10:00,5,4.3
2013-1-9 11:00,4,4.3
2013-1-9 12:00,0,4.4
2013-1-9 13:00,-1,4.5
2013-1-9 14:00,2,4.5
2013-1-9 15:00,2,4.3
2013-1-9 16:00,0,4.4
2013-1-9 17:00,-3,4.3
2013-1-9 18:00,-1,4.2
2013-1-9 19:00,1,4.3
2013-1-9 20:00,0,4.5
2013-1-9 21:00,-3,4.4
2013-1-9 22:00,-6,4.3
2013-1-9 23:00,-5,4.1
2013-1-10 0:00,-2,4
2013-1-10 1:00,-3,4.7
2013-1-10 2:00,-1,5
2013-1-10 3:00,-2,5
2013-1-10 4:00,-4,5.1
2013-1-10 5:00,-4,4.9
2013-1-10 6:00,-4,4.9
2013-1-10 7:00,-2,4.7
2013-1-10 8:00,0,5
2013-1-10 9:00,1,4.9
2013-1-10 10:00,2,5
2013-1-10 11:00,6,5
2013-1-10 12:00,6,5.3
2013-1-10 13:00,3,5
2013-1-10 14:00,2,3.6
2013-1-10 15:00,2,3.2
2013-1-10 16:00,1,3.1
2013-1-10 17:00,3,2.2
2013-1-10 18:00,3,4.3
2013-1-10 19:00,3,4.1
2013-1-10 20:00,6,2.1
2013-1-10 21:00,5,2.6
2013-1-10 22:00,4,3
2013-1-10 23:00,2,2.8
2013-1-11 0:00,4,3.5
2013-1-11 1:00,8,3.8
2013-1-11 2:00,12,3.4
2013-1-11 3:00,12,3.6
2013-1-11 4:00,10,5.3
2013-1-11 5:00,12,5.3
2013-1-11 6:00,15,3.9
2013-1-11 7:00,16,2.8
2013-1-11 8:00,15,3.3
2013-1-11 9:00,10,5.7
2013-1-11 10:00,11,5.6
2013-1-11 11:00,14,6.1
2013-1-11 12:00,15,6
2013-1-11 13:00,17,6.2
2013-1-11 14:00,15,3.7
2013-1-11 15:00,12,4
2013-1-11 16:00,9,4.7
2013-1-11 17:00,10,5.5
2013-1-11 18:00,12,4.3
2013-1-11 19:00,12,4.1
2013-1-11 20:00,10,5.3
2013-1-11 21:00,8,8.9
2013-1-11 22:00,4,8.3
2013-1-11 23:00,-2,6.5
2013-1-12 0:00,-5,6.8
2013-1-12 1:00,-5,6.2
2013-1-12 2:00,-6,6.7
2013-1-12 3:00,-3,6.2
2013-1-12 4:00,-1,5.3
2013-1-12 5:00,-1,4
2013-1-12 6:00,0,4.3
2013-1-12 7:00,3,4.2
2013-1-12 8:00,4,4.3
2013-1-12 9:00,3,4.5
2013-1-12 10:00,5,4.4
2013-1-12 11:00,7,4.6
2013-1-12 12:00,10,5.1
2013-1-12 13:00,13,5.6
2013-1-12 14:00,15,5.8
2013-1-12 15:00,15,5.8
2013-1-12 16:00,13,6.2
2013-1-12 17:00,10,5.9
2013-1-12 18:00,9,6.3
2013-1-12 19:00,8,6.2
2013-1-12 20:00,5,6
2013-1-12 21:00,6,5.6
2013-1-12 22:00,6,5.5
2013-1-12 23:00,5,5.8
2013-1-13 0:00,3,6.8
2013-1-13 1:00,3,7
2013-1-13 2:00,9,7.1
2013-1-13 3:00,10,7.4
2013-1-13 4:00,8,7
2013-1-13 5:00,6,6.7
2013-1-13 6:00,1,5.8
2013-1-13 7:00,3,5.9
2013-1-13 8:00,-2,6
2013-1-13 9:00,-8,5.7
2013-1-13 10:00,-8,5.6
2013-1-13 11:00,-3,5.5
2013-1-13 12:00,3,5.2
2013-1-13 13:00,5,6.3
2013-1-13 14:00,8,6.6
2013-1-13 15:00,8,6.6
2013-1-13 16:00,9,5.2
2013-1-13 17:00,11,7.7
2013-1-13 18:00,9,8.5
2013-1-13 19:00,5,8
2013-1-13 20:00,-3,8.1
2013-1-13 21:00,-10,8
2013-1-13 22:00,-18,6.9
2013-1-13 23:00,-13,7.1
2013-1-14 0:00,-11,6.6
2013-1-14 1:00,-15,6.4
2013-1-14 2:00,-15,5.8
2013-1-14 3:00,-9,4.9
2013-1-14 4:00,-6,4.4
2013-1-14 5:00,-9,4.4
2013-1-14 6:00,-15,4.4
2013-1-14 7:00,-20,4
2013-1-14 8:00,-20,4.5
2013-1-14 9:00,-24,4.4
2013-1-14 10:00,-28,3.9
2013-1-14 11:00,-28,4.1
2013-1-14 12:00,-25,3.6
2013-1-14 13:00,-21,3.9
2013-1-14 14:00,-11,3.7
2013-1-14 15:00,-7,3.5
2013-1-14 16:00,-6,3
2013-1-14 17:00,-5,3.2
2013-1-14 18:00,-5,3.3
2013-1-14 19:00,-4,3.2
2013-1-14 20:00,-4,3.4
2013-1-14 21:00,-5,3.3
2013-1-14 22:00,-6,3.7
2013-1-14 23:00,-5,3.7
2013-1-15 0:00,-5,3.4
2013-1-15 1:00,-5,3.2
2013-1-15 2:00,-4,3.2
2013-1-15 3:00,-5,3.4
2013-1-15 4:00,-5,3.6
2013-1-15 5:00,-6,3.4
2013-1-15 6:00,-6,3.9
2013-1-15 7:00,-9,3.5
2013-1-15 8:00,-13,3.5
2013-1-15 9:00,-17,3.5
2013-1-15 10:00,-24,3.3
2013-1-15 11:00,-24,3.8
2013-1-15 12:00,-20,3.9
2013-1-15 13:00,-15,3.9
2013-1-15 14:00,-11,3.9
2013-1-15 15:00,-3,3.7
2013-1-15 16:00,-3,3.8
2013-1-15 17:00,-4,4.1
2013-1-15 18:00,-3,3.7
2013-1-15 19:00,-1,3.5
2013-1-15 20:00,-1,3.4
2013-1-15 21:00,-1,3.5
2013-1-15 22:00,-3,3.6
2013-1-15 23:00,-5,3.7
2013-1-16 0:00,-7,3.7
2013-1-16 1:00,-6,3.9
2013-1-16 2:00,-5,4.1
2013-1-16 3:00,-3,4.2
2013-1-16 4:00,2,3.6
2013-1-16 5:00,2,3.2
2013-1-16 6:00,1,3.7
2013-1-16 7:00,-1,3.8
2013-1-16 8:00,-2,3.7
2013-1-16 9:00,-7,3.6
2013-1-16 10:00,-7,4.2
2013-1-16 11:00,-5,4.5
2013-1-16 12:00,-4,4.5
2013-1-16 13:00,-3,4.6
2013-1-16 14:00,2,4.7
2013-1-16 15:00,3,4.8
2013-1-16 16:00,2,4.8
2013-1-16 17:00,4,4.7
2013-1-16 18:00,10,4.4
2013-1-16 19:00,9,4.3
2013-1-16 20:00,2,5.4
2013-1-16 21:00,2,5.6
2013-1-16 22:00,-1,6.5
2013-1-16 23:00,-1,6.3
2013-1-17 0:00,13,4.9
2013-1-17 1:00,28,6.9
2013-1-17 2:00,41,10
2013-1-17 3:00,43,10.5
2013-1-17 4:00,31,11.9
2013-1-17 5:00,26,10.8
2013-1-17 6:00,22,11.1
2013-1-17 7:00,14,11
2013-1-17 8:00,12,10.7
2013-1-17 9:00,9,9.3
2013-1-17 10:00,6,7.3
2013-1-17 11:00,9,8.2
2013-1-17 12:00,19,9.4
2013-1-17 13:00,34,11.5
2013-1-17 14:00,27,12.4
2013-1-17 15:00,1,13.6
2013-1-17 16:00,-26,14.5
2013-1-17 17:00,-44,14.7
2013-1-17 18:00,-47,14.7
2013-1-17 19:00,-43,14.3
2013-1-17 20:00,-48,14
2013-1-17 21:00,-51,13.2
2013-1-17 22:00,-51,12.9
2013-1-17 23:00,-52,12.5
2013-1-18 0:00,-52,11.9
2013-1-18 1:00,-47,11.3
2013-1-18 2:00,-43,10.7
2013-1-18 3:00,-41,10.1
2013-1-18 4:00,-34,9.7
2013-1-18 5:00,-29,10
2013-1-18 6:00,-28,10.5
2013-1-18 7:00,-27,11.4
2013-1-18 8:00,-22,12.1
2013-1-18 9:00,-20,11.6
2013-1-18 10:00,-21,13
2013-1-18 11:00,-18,14.5
2013-1-18 12:00,-10,14.6
2013-1-18 13:00,13,8.7
2013-1-18 14:00,10,7.5
2013-1-18 15:00,5,6.2
2013-1-18 16:00,10,6.6
2013-1-18 17:00,12,7.7
2013-1-18 18:00,21,6.2
2013-1-18 19:00,26,6.4
2013-1-18 20:00,23,5.4
2013-1-18 21:00,19,3.7
2013-1-18 22:00,4,6.2
2013-1-18 23:00,-8,6.6
2013-1-19 0:00,-15,5.6
2013-1-19 1:00,-15,4.6
2013-1-19 2:00,-13,4.2
2013-1-19 3:00,-13,3.6
2013-1-19 4:00,-18,5.3
2013-1-19 5:00,-16,5.4
2013-1-19 6:00,-14,5.3
2013-1-19 7:00,-10,5.2
2013-1-19 8:00,-10,4.7
2013-1-19 9:00,-17,5.8
2013-1-19 10:00,-20,5.8
2013-1-19 11:00,-23,5.7
2013-1-19 12:00,-24,5.3
2013-1-19 13:00,-25,5.1
2013-1-19 14:00,-19,3.7
2013-1-19 15:00,-13,3.4
2013-1-19 16:00,-11,4
2013-1-19 17:00,-2,4.5
2013-1-19 18:00,7,3.2
2013-1-19 19:00,6,4.4
2013-1-19 20:00,4,4.6
2013-1-19 21:00,-5,4.1
2013-1-19 22:00,-12,5.2
2013-1-19 23:00,-14,6.2
2013-1-20 0:00,-19,7.8
2013-1-20 1:00,-25,7.1
2013-1-20 2:00,-33,7.9
2013-1-20 3:00,-31,7.3
2013-1-20 4:00,-27,5.4
2013-1-20 5:00,-25,5.9
2013-1-20 6:00,-28,8.1
2013-1-20 7:00,-29,7.8
2013-1-20 8:00,-28,5.9
2013-1-20 9:00,-25,5.6
2013-1-20 10:00,-22,4.8
2013-1-20 11:00,-24,4.9
2013-1-20 12:00,-20,4.9
2013-1-20 13:00,-16,4.1
2013-1-20 14:00,-15,3.5
2013-1-20 15:00,-15,3.5
2013-1-20 16:00,-17,3.3
2013-1-20 17:00,-19,3.5
2013-1-20 18:00,-14,2.4
2013-1-20 19:00,-12,2.6
2013-1-20 20:00,-11,2.9
2013-1-20 21:00,-10,2.1
2013-1-20 22:00,-9,2.6
2013-1-20 23:00,-10,2.7
2013-1-21 0:00,-12,3.2
2013-1-21 1:00,-12,3
2013-1-21 2:00,-12,3.1
2013-1-21 3:00,-14,3.5
2013-1-21 4:00,-17,3.3
2013-1-21 5:00,-17,3.4
2013-1-21 6:00,-16,3.4
2013-1-21 7:00,-13,3.5
2013-1-21 8:00,-12,3.4
2013-1-21 9:00,-12,3.3
2013-1-21 10:00,-12,3.5
2013-1-21 11:00,-14,3.5
2013-1-21 12:00,-15,3.4
2013-1-21 13:00,-13,3
2013-1-21 14:00,-9,3
2013-1-21 15:00,-7,3
2013-1-21 16:00,-7,2.9
2013-1-21 17:00,-9,2.4
2013-1-21 18:00,-7,2.5
2013-1-21 19:00,-5,1.8
2013-1-21 20:00,-5,3.3
2013-1-21 21:00,-6,2.6
2013-1-21 22:00,-9,1.4
2013-1-21 23:00,-10,1.3
2013-1-22 0:00,-7,1.9
2013-1-22 1:00,-6,2.3
2013-1-22 2:00,-8,2.2
2013-1-22 3:00,-10,2.3
2013-1-22 4:00,-10,2.2
2013-1-22 5:00,-8,2.1
2013-1-22 6:00,-7,2.7
2013-1-22 7:00,-2,2.7
2013-1-22 8:00,1,2.7
2013-1-22 9:00,0,2.6
2013-1-22 10:00,-2,2.7
2013-1-22 11:00,-2,2.7
2013-1-22 12:00,-2,2.7
2013-1-22 13:00,-6,2.8
2013-1-22 14:00,-8,2.6
2013-1-22 15:00,-6,1.9
2013-1-22 16:00,-3,1.9
2013-1-22 17:00,-2,2
2013-1-22 18:00,-1,2
2013-1-22 19:00,-1,2.1
2013-1-22 20:00,-1,2.2
2013-1-22 21:00,0,2.3
2013-1-22 22:00,-1,1.7
2013-1-22 23:00,0,1.7
2013-1-23 0:00,2,1.7
2013-1-23 1:00,-1,2.3
2013-1-23 2:00,-3,3.2
2013-1-23 3:00,-5,2.7
2013-1-23 4:00,-7,2.2
2013-1-23 5:00,-7,2
2013-1-23 6:00,-4,1
2013-1-23 7:00,0,1.2
2013-1-23 8:00,1,3.1
2013-1-23 9:00,1,1.8
2013-1-23 10:00,3,1.5
2013-1-23 11:00,7,1.4
2013-1-23 12:00,10,0.8
2013-1-23 13:00,10,0.9
2013-1-23 14:00,11,1.5
2013-1-23 15:00,14,1.5
2013-1-23 16:00,13,1.9
2013-1-23 17:00,9,2.4
2013-1-23 18:00,5,2.5
2013-1-23 19:00,3,2.8
2013-1-23 20:00,0,3.4
2013-1-23 21:00,0,3.7
2013-1-23 22:00,-3,3.8
2013-1-23 23:00,-6,3.5
2013-1-24 0:00,-7,3.1
2013-1-24 1:00,-8,3.5
2013-1-24 2:00,-10,2.6
2013-1-24 3:00,-8,2.9
2013-1-24 4:00,-4,3
2013-1-24 5:00,-1,2.7
2013-1-24 6:00,-3,2.4
2013-1-24 7:00,-5,2.6
2013-1-24 8:00,-7,2.7
2013-1-24 9:00,-6,2.9
2013-1-24 10:00,-2,2.9
2013-1-24 11:00,2,3
2013-1-24 12:00,4,3
2013-1-24 13:00,6,3.2
2013-1-24 14:00,6,3.9
2013-1-24 15:00,5,4.2
2013-1-24 16:00,4,3.7
2013-1-24 17:00,3,3.9
2013-1-24 18:00,3,4.4
2013-1-24 19:00,4,4.1
2013-1-24 20:00,8,4.8
2013-1-24 21:00,12,5.7
2013-1-24 22:00,15,5
2013-1-24 23:00,15,5.4
2013-1-25 0:00,14,6.5
2013-1-25 1:00,17,5.7
2013-1-25 2:00,19,4
2013-1-25 3:00,14,4.4
2013-1-25 4:00,9,4.3
2013-1-25 5:00,3,6.2
2013-1-25 6:00,2,5.3
2013-1-25 7:00,1,6
2013-1-25 8:00,1,4.9
2013-1-25 9:00,6,3.8
2013-1-25 10:00,7,6.6
2013-1-25 11:00,4,6.2
2013-1-25 12:00,7,6.2
2013-1-25 13:00,10,5.9
2013-1-25 14:00,10,5.8
2013-1-25 15:00,13,4.8
2013-1-25 16:00,11,5.2
2013-1-25 17:00,20,8.6
2013-1-25 18:00,15,14.7
2013-1-25 19:00,18,15.3
2013-1-25 20:00,22,16.5
2013-1-25 21:00,20,15.6
2013-1-25 22:00,19,11.5
2013-1-25 23:00,6,11.7
2013-1-26 0:00,-21,10.8
2013-1-26 1:00,-19,6.7
2013-1-26 2:00,-15,9.8
2013-1-26 3:00,-9,11.5
2013-1-26 4:00,-11,10
2013-1-26 5:00,-15,8.4
2013-1-26 6:00,-22,7.9
2013-1-26 7:00,-16,9.1
2013-1-26 8:00,-16,10.3
2013-1-26 9:00,-26,11.4
2013-1-26 10:00,-25,10.8
2013-1-26 11:00,-26,12.6
2013-1-26 12:00,-24,11.8
2013-1-26 13:00,-21,9.2
2013-1-26 14:00,-22,12
2013-1-26 15:00,-35,14
2013-1-26 16:00,-34,12.6
2013-1-26 17:00,-26,9.8
2013-1-26 18:00,-28,8.2
2013-1-26 19:00,-28,8.3
2013-1-26 20:00,-30,9.3
2013-1-26 21:00,-43,9.9
2013-1-26 22:00,-51,3.9
2013-1-26 23:00,-39,4
2013-1-27 0:00,-37,3.9
2013-1-27 1:00,-35,3.9
2013-1-27 2:00,-35,3.9
2013-1-27 3:00,-36,3.7
2013-1-27 4:00,-33,3.7
2013-1-27 5:00,-32,3.9
2013-1-27 6:00,-32,3.9
2013-1-27 7:00,-30,4
2013-1-27 8:00,-27,4
2013-1-27 9:00,-29,3.7
2013-1-27 10:00,-29,3.7
2013-1-27 11:00,-24,3.8
2013-1-27 12:00,-19,3.9
2013-1-27 13:00,-17,3
2013-1-27 14:00,-16,2.8
2013-1-27 15:00,-15,3
2013-1-27 16:00,-16,3.4
2013-1-27 17:00,-17,3.8
2013-1-27 18:00,-16,3.6
2013-1-27 19:00,-17,3.6
2013-1-27 20:00,-16,3.6
2013-1-27 21:00,-19,3.4
2013-1-27 22:00,-20,3.4
2013-1-27 23:00,-18,3.3
2013-1-28 0:00,-18,3.2
2013-1-28 1:00,-16,3.1
2013-1-28 2:00,-16,3.1
2013-1-28 3:00,-14,3.1
2013-1-28 4:00,-15,3.1
2013-1-28 5:00,-16,3
2013-1-28 6:00,-15,3
2013-1-28 7:00,-15,2.8
2013-1-28 8:00,-12,3
2013-1-28 9:00,-12,3.1
2013-1-28 10:00,-13,3.1
2013-1-28 11:00,-15,2.8
2013-1-28 12:00,-15,2.7
2013-1-28 13:00,-15,2.9
2013-1-28 14:00,-16,3.4
2013-1-28 15:00,-14,3.7
2013-1-28 16:00,-12,3.2
2013-1-28 17:00,-11,3.6
2013-1-28 18:00,-12,3.3
2013-1-28 19:00,-10,2.9
2013-1-28 20:00,-12,2.6
2013-1-28 21:00,-14,2
2013-1-28 22:00,-13,1.8
2013-1-28 23:00,-11,3.1
2013-1-29 0:00,-9,3
2013-1-29 1:00,-9,3
2013-1-29 2:00,-9,2.9
2013-1-29 3:00,-10,2.6
2013-1-29 4:00,-13,2.5
2013-1-29 5:00,-14,2.5
2013-1-29 6:00,-12,2.6
2013-1-29 7:00,-7,2.5
2013-1-29 8:00,-3,2.7
2013-1-29 9:00,-4,2.7
2013-1-29 10:00,-5,2.8
2013-1-29 11:00,-6,2.8
2013-1-29 12:00,-2,3.2
2013-1-29 13:00,0,3.1
2013-1-29 14:00,1,3
2013-1-29 15:00,2,2.9
2013-1-29 16:00,1,2.7
2013-1-29 17:00,-2,2.8
2013-1-29 18:00,-2,2.8
2013-1-29 19:00,-3,2.5
2013-1-29 20:00,-4,2.5
2013-1-29 21:00,-5,2.5
2013-1-29 22:00,-7,2.6
2013-1-29 23:00,-6,1.8
2013-1-30 0:00,-4,1.9
2013-1-30 1:00,-5,2.2
2013-1-30 2:00,-4,2.6
2013-1-30 3:00,-3,2.8
2013-1-30 4:00,-2,2.9
2013-1-30 5:00,-1,3
2013-1-30 6:00,0,2.6
2013-1-30 7:00,1,2.3
2013-1-30 8:00,2,2.1
2013-1-30 9:00,1,2.6
2013-1-30 10:00,-2,2.5
2013-1-30 11:00,-6,2.5
2013-1-30 12:00,-8,2.3
2013-1-30 13:00,-8,1.6
2013-1-30 14:00,-4,1.7
2013-1-30 15:00,-1,2.2
2013-1-30 16:00,1,2
2013-1-30 17:00,2,2
2013-1-30 18:00,0,1.8
2013-1-30 19:00,-3,1.9
2013-1-30 20:00,-6,2
2013-1-30 21:00,-9,2.2
2013-1-30 22:00,-12,2.3
2013-1-30 23:00,-13,2.4
2013-1-31 0:00,-12,2.5
2013-1-31 1:00,-12,2.3
2013-1-31 2:00,-10,2.1
2013-1-31 3:00,-6,1.7
2013-1-31 4:00,-3,1.5
2013-1-31 5:00,2,1.5
2013-1-31 6:00,7,1.5
2013-1-31 7:00,11,2.4
2013-1-31 8:00,13,2.2
2013-1-31 9:00,12,3.2
2013-1-31 10:00,11,3.4
2013-1-31 11:00,10,3.3
2013-1-31 12:00,10,3.7
2013-1-31 13:00,8,4.4
2013-1-31 14:00,8,4.8
2013-1-31 15:00,9,4
2013-1-31 16:00,10,3.8
2013-1-31 17:00,10,3.7
2013-1-31 18:00,8,3.1
2013-1-31 19:00,9,4.3
2013-1-31 20:00,11,3.9
2013-1-31 21:00,10,4.9
2013-1-31 22:00,7,5.1
2013-1-31 23:00,0,5.1
2013-2-1 0:00,-7,6.3
2013-2-1 1:00,-9,6.6
2013-2-1 2:00,-6,4
2013-2-1 3:00,-3,4.3
2013-2-1 4:00,0,2.9
2013-2-1 5:00,4,3.7
2013-2-1 6:00,5,4.7
2013-2-1 7:00,5,4.3
2013-2-1 8:00,4,3.2
2013-2-1 9:00,2,3.7
2013-2-1 10:00,-1,4
2013-2-1 11:00,-2,5
2013-2-1 12:00,-7,4.3
2013-2-1 13:00,-6,4.7
2013-2-1 14:00,-3,4.7
2013-2-1 15:00,3,3.8
2013-2-1 16:00,12,5.5
2013-2-1 17:00,17,6.8
2013-2-1 18:00,17,7.9
2013-2-1 19:00,19,5.9
2013-2-1 20:00,15,9.4
2013-2-1 21:00,17,9
2013-2-1 22:00,3,9.6
2013-2-1 23:00,-1,10.8
2013-2-2 0:00,-3,10.4
2013-2-2 1:00,-8,9.8
2013-2-2 2:00,-6,10.2
2013-2-2 3:00,-7,11
2013-2-2 4:00,-10,11.1
2013-2-2 5:00,-16,9.6
2013-2-2 6:00,-7,8.6
2013-2-2 7:00,-6,7.6
2013-2-2 8:00,-8,8.2
2013-2-2 9:00,-9,6.8
2013-2-2 10:00,-7,6.2
2013-2-2 11:00,-8,5.6
2013-2-2 12:00,-9,5.3
2013-2-2 13:00,-14,6.1
2013-2-2 14:00,-17,5.9
2013-2-2 15:00,-18,5.3
2013-2-2 16:00,-13,4
2013-2-2 17:00,-10,5.1
2013-2-2 18:00,-13,5.8
2013-2-2 19:00,-14,5.6
2013-2-2 20:00,-14,5.1
2013-2-2 21:00,-11,5.1
2013-2-2 22:00,-9,4.6
2013-2-2 23:00,-7,4
2013-2-3 0:00,-6,4.2
2013-2-3 1:00,-4,4.4
2013-2-3 2:00,-5,4.6
2013-2-3 3:00,-8,4.8
2013-2-3 4:00,-7,4.2
2013-2-3 5:00,-5,3.3
2013-2-3 6:00,-1,2.9
2013-2-3 7:00,2,3.2
2013-2-3 8:00,5,4
2013-2-3 9:00,8,4.3
2013-2-3 10:00,9,3.7
2013-2-3 11:00,7,4.6
2013-2-3 12:00,6,5.8
2013-2-3 13:00,9,6.2
2013-2-3 14:00,6,6.8
2013-2-3 15:00,4,6.6
2013-2-3 16:00,5,7.1
2013-2-3 17:00,3,6.9
2013-2-3 18:00,3,6.2
2013-2-3 19:00,0,5.9
2013-2-3 20:00,-1,5.6
2013-2-3 21:00,-2,5.4
2013-2-3 22:00,-2,5.2
2013-2-3 23:00,-1,5
2013-2-4 0:00,0,4.7
2013-2-4 1:00,1,3.1
2013-2-4 2:00,2,3.6
2013-2-4 3:00,2,3.7
2013-2-4 4:00,1,4.7
2013-2-4 5:00,0,5.4
2013-2-4 6:00,1,4.9
2013-2-4 7:00,3,4.7
2013-2-4 8:00,4,4.6
2013-2-4 9:00,4,4.8
2013-2-4 10:00,4,4.5
2013-2-4 11:00,0,4.2
2013-2-4 12:00,-2,4.5
2013-2-4 13:00,-3,4.5
2013-2-4 14:00,-5,4.6
2013-2-4 15:00,-5,4.3
2013-2-4 16:00,-5,4.4
2013-2-4 17:00,-6,5.2
2013-2-4 18:00,-3,4.8
2013-2-4 19:00,3,3.8
2013-2-4 20:00,10,2.7
2013-2-4 21:00,13,2.4
2013-2-4 22:00,14,3.2
2013-2-4 23:00,14,2.8
2013-2-5 0:00,13,2.5
2013-2-5 1:00,11,2.7
2013-2-5 2:00,8,2.9
2013-2-5 3:00,8,3.4
2013-2-5 4:00,5,3.6
2013-2-5 5:00,0,5.7
2013-2-5 6:00,-4,5.2
2013-2-5 7:00,-6,4.4
2013-2-5 8:00,-5,4.2
2013-2-5 9:00,-6,3.8
2013-2-5 10:00,-9,3.2
2013-2-5 11:00,-9,2.8
2013-2-5 12:00,-8,3.4
2013-2-5 13:00,-5,3.8
2013-2-5 14:00,-3,5
2013-2-5 15:00,-3,4.7
2013-2-5 16:00,-3,5.3
2013-2-5 17:00,-3,4.6
2013-2-5 18:00,0,3.1
2013-2-5 19:00,1,4
2013-2-5 20:00,2,3.5
2013-2-5 21:00,2,3.1
2013-2-5 22:00,2,3
2013-2-5 23:00,3,3.2
2013-2-6 0:00,2,3.8
2013-2-6 1:00,2,4.1
2013-2-6 2:00,3,3.7
2013-2-6 3:00,3,3.8
2013-2-6 4:00,0,4.3
2013-2-6 5:00,0,4.5
2013-2-6 6:00,0,4.5
2013-2-6 7:00,2,4.3
2013-2-6 8:00,4,3.9
2013-2-6 9:00,4,3.5
2013-2-6 10:00,2,3.6
2013-2-6 11:00,0,3.6
2013-2-6 12:00,2,3.6
2013-2-6 13:00,4,3.9
2013-2-6 14:00,4,4.3
2013-2-6 15:00,6,4.7
2013-2-6 16:00,8,4.5
2013-2-6 17:00,8,4.5
2013-2-6 18:00,5,4.6
2013-2-6 19:00,3,5.2
2013-2-6 20:00,4,5.5
2013-2-6 21:00,6,5.3
2013-2-6 22:00,5,5.8
2013-2-6 23:00,4,5.5
2013-2-7 0:00,6,6
2013-2-7 1:00,5,6.3
2013-2-7 2:00,3,6.8
2013-2-7 3:00,3,7.3
2013-2-7 4:00,5,7.7
2013-2-7 5:00,5,8.9
2013-2-7 6:00,4,9.3
2013-2-7 7:00,-1,8.4
2013-2-7 8:00,-10,6.5
2013-2-7 9:00,-25,8.9
2013-2-7 10:00,-23,8.9
2013-2-7 11:00,-16,7.6
2013-2-7 12:00,-18,7.7
2013-2-7 13:00,-21,7.8
2013-2-7 14:00,-20,7.4
2013-2-7 15:00,-15,7.4
2013-2-7 16:00,-9,6.9
2013-2-7 17:00,-6,5.8
2013-2-7 18:00,-5,6.4
2013-2-7 19:00,-5,6.1
2013-2-7 20:00,-9,4.7
2013-2-7 21:00,-8,5
2013-2-7 22:00,-6,5.5
2013-2-7 23:00,-5,5.1
2013-2-8 0:00,-2,7.3
2013-2-8 1:00,-1,9.3
2013-2-8 2:00,-5,9.9
2013-2-8 3:00,-7,10.1
2013-2-8 4:00,-9,9.4
2013-2-8 5:00,-7,8.6
2013-2-8 6:00,-5,9.4
2013-2-8 7:00,-11,8.4
2013-2-8 8:00,-6,6.5
2013-2-8 9:00,0,6.1
2013-2-8 10:00,-1,6.4
2013-2-8 11:00,-5,6.1
2013-2-8 12:00,-10,6.3
2013-2-8 13:00,-20,5.9
2013-2-8 14:00,-22,5.4
2013-2-8 15:00,-16,3.5
2013-2-8 16:00,-9,3.8
2013-2-8 17:00,-8,4.8
2013-2-8 18:00,-6,5
2013-2-8 19:00,-7,5.8
2013-2-8 20:00,-11,5.6
2013-2-8 21:00,-11,3.9
2013-2-8 22:00,-11,3.8
2013-2-8 23:00,-10,5.3
2013-2-9 0:00,-10,5.8
2013-2-9 1:00,-9,5.7
2013-2-9 2:00,-8,5.7
2013-2-9 3:00,-9,5.7
2013-2-9 4:00,-6,5.6
2013-2-9 5:00,-4,5.3
2013-2-9 6:00,-2,5
2013-2-9 7:00,-4,5.3
2013-2-9 8:00,-3,4.8
2013-2-9 9:00,-2,4.2
2013-2-9 10:00,-5,4.4
2013-2-9 11:00,-11,4.2
2013-2-9 12:00,-12,4
2013-2-9 13:00,-12,4.1
2013-2-9 14:00,-10,4.5
2013-2-9 15:00,-9,4.5
2013-2-9 16:00,-7,4.5
2013-2-9 17:00,-6,4.4
2013-2-9 18:00,-6,4.3
2013-2-9 19:00,-7,4.7
2013-2-9 20:00,-5,5
2013-2-9 21:00,-4,5.5
2013-2-9 22:00,-2,5.6
2013-2-9 23:00,-1,5.6
2013-2-10 0:00,-1,5.9
2013-2-10 1:00,0,5.4
2013-2-10 2:00,5,4.2
2013-2-10 3:00,6,3.8
2013-2-10 4:00,4,3.2
2013-2-10 5:00,1,3.9
2013-2-10 6:00,-5,4.8
2013-2-10 7:00,-5,4.9
2013-2-10 8:00,-4,4.9
2013-2-10 9:00,-5,5.2
2013-2-10 10:00,-2,4.7
2013-2-10 11:00,-2,3.2
2013-2-10 12:00,-6,2
2013-2-10 13:00,-8,2.6
2013-2-10 14:00,-6,2.2
2013-2-10 15:00,-3,3.4
2013-2-10 16:00,-1,3.5
2013-2-10 17:00,-1,3.4
2013-2-10 18:00,-3,4.5
2013-2-10 19:00,-4,5
2013-2-10 20:00,-5,4.9
2013-2-10 21:00,-6,4.5
2013-2-10 22:00,-10,4.3
2013-2-10 23:00,-12,4.2
2013-2-11 0:00,-13,4.2
2013-2-11 1:00,-15,4.3
2013-2-11 2:00,-14,4
2013-2-11 3:00,-14,4.1
2013-2-11 4:00,-15,4.2
2013-2-11 5:00,-13,4.1
2013-2-11 6:00,-8,3.7
2013-2-11 7:00,-3,3.4
2013-2-11 8:00,-1,3.5
2013-2-11 9:00,0,3.5
2013-2-11 10:00,0,3
2013-2-11 11:00,0,3.5
2013-2-11 12:00,0,3.1
2013-2-11 13:00,3,2.5
2013-2-11 14:00,6,2.7
2013-2-11 15:00,6,5
2013-2-11 16:00,9,6.1
2013-2-11 17:00,15,6.2
2013-2-11 18:00,18,4.7
2013-2-11 19:00,14,3.3
2013-2-11 20:00,1,6.8
2013-2-11 21:00,-5,6
2013-2-11 22:00,-8,5.8
2013-2-11 23:00,-9,5.3
2013-2-12 0:00,-11,4.2
2013-2-12 1:00,-11,4.6
2013-2-12 2:00,-10,4.4
2013-2-12 3:00,-8,3.9
2013-2-12 4:00,-6,3.6
2013-2-12 5:00,-4,3.6
2013-2-12 6:00,-2,3.7
2013-2-12 7:00,1,3.9
2013-2-12 8:00,0,4
2013-2-12 9:00,-3,4.2
2013-2-12 10:00,-8,4.3
2013-2-12 11:00,-4,2.5
2013-2-12 12:00,-1,2.3
2013-2-12 13:00,-2,3.2
2013-2-12 14:00,1,1.5
2013-2-12 15:00,3,0.9
2013-2-12 16:00,2,2.9
2013-2-12 17:00,-6,4
2013-2-12 18:00,-9,3.8
2013-2-12 19:00,-7,2.9
2013-2-12 20:00,-2,2.7
2013-2-12 21:00,0,3.7
2013-2-12 22:00,-4,3.9
2013-2-12 23:00,-8,2.9
2013-2-13 0:00,-11,2.7
2013-2-13 1:00,-7,3.7
2013-2-13 2:00,-8,6.4
2013-2-13 3:00,-10,8.1
2013-2-13 4:00,-4,5.7
2013-2-13 5:00,-1,5.2
2013-2-13 6:00,1,6.4
2013-2-13 7:00,2,6.2
2013-2-13 8:00,2,5.9
2013-2-13 9:00,3,4.6
2013-2-13 10:00,4,2.9
2013-2-13 11:00,3,2.9
2013-2-13 12:00,4,4.1
2013-2-13 13:00,1,5.6
2013-2-13 14:00,2,6
2013-2-13 15:00,-2,6.1
2013-2-13 16:00,0,6.6
2013-2-13 17:00,3,9.2
2013-2-13 18:00,3,9.2
2013-2-13 19:00,-3,9.6
2013-2-13 20:00,-11,7.2
2013-2-13 21:00,-7,7.4
2013-2-13 22:00,-7,7.2
2013-2-13 23:00,-15,7.9
2013-2-14 0:00,-22,7.7
2013-2-14 1:00,-22,6.2
2013-2-14 2:00,-19,6
2013-2-14 3:00,-17,5.6
2013-2-14 4:00,-21,5.4
2013-2-14 5:00,-29,6.1
2013-2-14 6:00,-33,7
2013-2-14 7:00,-37,6.5
2013-2-14 8:00,-30,4.3
2013-2-14 9:00,-24,4.8
2013-2-14 10:00,-27,5.1
2013-2-14 11:00,-24,4.9
2013-2-14 12:00,-27,4.5
2013-2-14 13:00,-25,3.6
2013-2-14 14:00,-26,3.7
2013-2-14 15:00,-22,4.1
2013-2-14 16:00,-19,3.4
2013-2-14 17:00,-16,3
2013-2-14 18:00,-11,3.6
2013-2-14 19:00,-16,3.9
2013-2-14 20:00,-17,3.3
2013-2-14 21:00,-18,3.4
2013-2-14 22:00,-18,2.8
2013-2-14 23:00,-21,2.9
2013-2-15 0:00,-21,3.1
2013-2-15 1:00,-19,3.2
2013-2-15 2:00,-17,3.2
2013-2-15 3:00,-13,3.4
2013-2-15 4:00,-11,3.6
2013-2-15 5:00,-12,3.8
2013-2-15 6:00,-9,3.9
2013-2-15 7:00,-6,3.8
2013-2-15 8:00,-6,3.8
2013-2-15 9:00,-5,3.7
2013-2-15 10:00,0,3.7
2013-2-15 11:00,0,3.3
2013-2-15 12:00,-3,2.7
2013-2-15 13:00,-4,2.8
2013-2-15 14:00,-6,2.9
2013-2-15 15:00,-5,2.9
2013-2-15 16:00,-4,2.9
2013-2-15 17:00,-4,3
2013-2-15 18:00,-7,3.3
2013-2-15 19:00,-7,3.5
2013-2-15 20:00,-11,3.7
2013-2-15 21:00,-17,3.5
2013-2-15 22:00,-17,3.6
2013-2-15 23:00,-18,3.6
2013-2-16 0:00,-17,4
2013-2-16 1:00,-15,3.8
2013-2-16 2:00,-12,3.7
2013-2-16 3:00,-10,3.8
2013-2-16 4:00,-8,3.9
2013-2-16 5:00,-5,4.1
2013-2-16 6:00,-2,4.2
2013-2-16 7:00,1,4.3
2013-2-16 8:00,3,4.4
2013-2-16 9:00,1,4.4
2013-2-16 10:00,-2,4.4
2013-2-16 11:00,-5,4.4
2013-2-16 12:00,2,7.4
2013-2-16 13:00,7,11.6
2013-2-16 14:00,11,11.2
2013-2-16 15:00,14,10.2
2013-2-16 16:00,2,10.6
2013-2-16 17:00,-14,10.6
2013-2-16 18:00,-21,10.8
2013-2-16 19:00,-17,10.1
2013-2-16 20:00,-18,10.7
2013-2-16 21:00,-18,10.1
2013-2-16 22:00,-19,9.3
2013-2-16 23:00,-16,7.3
2013-2-17 0:00,-12,5.5
2013-2-17 1:00,-10,5.4
2013-2-17 2:00,-10,5.4
2013-2-17 3:00,-10,4.8
2013-2-17 4:00,-11,4.9
2013-2-17 5:00,-14,4.9
2013-2-17 6:00,-11,5.1
2013-2-17 7:00,-5,4.8
2013-2-17 8:00,-6,4.9
2013-2-17 9:00,-7,4.8
2013-2-17 10:00,-9,5
2013-2-17 11:00,-12,5.6
2013-2-17 12:00,-14,6.7
2013-2-17 13:00,-19,7.2
2013-2-17 14:00,-21,6.6
2013-2-17 15:00,-19,5.9
2013-2-17 16:00,-22,6.9
2013-2-17 17:00,-29,7
2013-2-17 18:00,-36,6.9
2013-2-17 19:00,-37,6.5
2013-2-17 20:00,-40,5.1
2013-2-17 21:00,-40,5.5
2013-2-17 22:00,-36,5.4
2013-2-17 23:00,-32,5.6
2013-2-18 0:00,-30,5.9
2013-2-18 1:00,-27,6.4
2013-2-18 2:00,-24,6.8
2013-2-18 3:00,-21,7.1
2013-2-18 4:00,-19,6.8
2013-2-18 5:00,-15,6.8
2013-2-18 6:00,-13,6.8
2013-2-18 7:00,-11,6.8
2013-2-18 8:00,-11,6.8
2013-2-18 9:00,-12,7
2013-2-18 10:00,-12,7.1
2013-2-18 11:00,-9,7
2013-2-18 12:00,-8,6.7
2013-2-18 13:00,-12,6.9
2013-2-18 14:00,-14,6.8
2013-2-18 15:00,-12,7.1
2013-2-18 16:00,-11,6.4
2013-2-18 17:00,-11,7
2013-2-18 18:00,-11,7.2
2013-2-18 19:00,-10,6.1
2013-2-18 20:00,-13,5.6
2013-2-18 21:00,-22,5.8
2013-2-18 22:00,-31,6.2
2013-2-18 23:00,-28,5.9
2013-2-19 0:00,-24,6.1
2013-2-19 1:00,-21,6.8
2013-2-19 2:00,-20,7.1
2013-2-19 3:00,-20,6.5
2013-2-19 4:00,-17,6.8
2013-2-19 5:00,-10,5.1
2013-2-19 6:00,-5,6
2013-2-19 7:00,-5,5.1
2013-2-19 8:00,-3,5.8
2013-2-19 9:00,-5,6.1
2013-2-19 10:00,-11,6.3
2013-2-19 11:00,-14,6.1
2013-2-19 12:00,-13,5.8
2013-2-19 13:00,-11,5.5
2013-2-19 14:00,-12,5.9
2013-2-19 15:00,-14,6.5
2013-2-19 16:00,-16,7.1
2013-2-19 17:00,-14,6.9
2013-2-19 18:00,-17,7.1
2013-2-19 19:00,-18,7
2013-2-19 20:00,-14,6.5
2013-2-19 21:00,-11,6.4
2013-2-19 22:00,-13,6.1
2013-2-19 23:00,-14,5.7
2013-2-20 0:00,-14,5.5
2013-2-20 1:00,-11,5.5
2013-2-20 2:00,-7,6.2
2013-2-20 3:00,-5,6.3
2013-2-20 4:00,-4,6.4
2013-2-20 5:00,-4,6.6
2013-2-20 6:00,-3,6.3
2013-2-20 7:00,0,6.7
2013-2-20 8:00,3,6.5
2013-2-20 9:00,-1,6.9
2013-2-20 10:00,-9,7.3
2013-2-20 11:00,-19,7
2013-2-20 12:00,-23,7
2013-2-20 13:00,-23,6.9
2013-2-20 14:00,-23,6.4
2013-2-20 15:00,-15,6.2
2013-2-20 16:00,-13,6.4
2013-2-20 17:00,-13,6.4
2013-2-20 18:00,-14,6
2013-2-20 19:00,-14,6.5
2013-2-20 20:00,-14,6.5
2013-2-20 21:00,-10,6.6
2013-2-20 22:00,-9,6.6
2013-2-20 23:00,-11,7.3
2013-2-21 0:00,-14,6.9
2013-2-21 1:00,-12,5.9
2013-2-21 2:00,-17,5.8
2013-2-21 3:00,-17,6
2013-2-21 4:00,-12,7.2
2013-2-21 5:00,-8,8.2
2013-2-21 6:00,-4,8
2013-2-21 7:00,2,6
2013-2-21 8:00,6,7
2013-2-21 9:00,7,6.2
2013-2-21 10:00,7,7.7
2013-2-21 11:00,4,7
2013-2-21 12:00,3,7
2013-2-21 13:00,1,7.6
2013-2-21 14:00,-1,7.1
2013-2-21 15:00,-4,7.9
2013-2-21 16:00,-9,8
2013-2-21 17:00,-11,7.7
2013-2-21 18:00,-11,7.2
2013-2-21 19:00,-9,7.3
2013-2-21 20:00,-10,7.2
2013-2-21 21:00,-20,6.8
2013-2-21 22:00,-24,6.5
2013-2-21 23:00,-24,6.2
2013-2-22 0:00,-23,6.4
2013-2-22 1:00,-23,5.9
2013-2-22 2:00,-22,6.4
2013-2-22 3:00,-22,6.3
2013-2-22 4:00,-16,6
2013-2-22 5:00,-12,6.3
2013-2-22 6:00,-12,5.8
2013-2-22 7:00,-13,5.8
2013-2-22 8:00,-11,6.1
2013-2-22 9:00,-11,5.7
2013-2-22 10:00,-7,5.6
2013-2-22 11:00,-5,5.5
2013-2-22 12:00,-9,5.9
2013-2-22 13:00,-14,5.8
2013-2-22 14:00,-19,5.9
2013-2-22 15:00,-22,5.8
2013-2-22 16:00,-24,5.5
2013-2-22 17:00,-25,5.6
2013-2-22 18:00,-24,5.9
2013-2-22 19:00,-20,5.6
2013-2-22 20:00,-19,5.4
2013-2-22 21:00,-19,5.5
2013-2-22 22:00,-23,5.5
2013-2-22 23:00,-28,5.4
2013-2-23 0:00,-31,5.8
2013-2-23 1:00,-32,5.9
2013-2-23 2:00,-31,5.5
2013-2-23 3:00,-30,5.3
2013-2-23 4:00,-25,4.8
2013-2-23 5:00,-20,5.5
2013-2-23 6:00,-16,5.5
2013-2-23 7:00,-13,5.4
2013-2-23 8:00,-11,5.4
2013-2-23 9:00,-10,5.6
2013-2-23 10:00,-9,5.6
2013-2-23 11:00,-12,4.8
2013-2-23 12:00,-12,4.1
2013-2-23 13:00,-8,4
2013-2-23 14:00,-8,4
2013-2-23 15:00,-8,3.5
2013-2-23 16:00,-12,3.8
2013-2-23 17:00,-16,4
2013-2-23 18:00,-18,3.6
2013-2-23 19:00,-20,3.5
2013-2-23 20:00,-20,3.7
2013-2-23 21:00,-20,3.6
2013-2-23 22:00,-21,3.6
2013-2-23 23:00,-24,3.5
2013-2-24 0:00,-23,3.6
2013-2-24 1:00,-22,3.5
2013-2-24 2:00,-20,3.5
2013-2-24 3:00,-20,3.4
2013-2-24 4:00,-19,3.4
2013-2-24 5:00,-18,3.1
2013-2-24 6:00,-16,3
2013-2-24 7:00,-13,2.3
2013-2-24 8:00,-13,2.5
2013-2-24 9:00,-9,2.8
2013-2-24 10:00,-7,2.9
2013-2-24 11:00,-5,3.3
2013-2-24 12:00,-5,3.3
2013-2-24 13:00,-5,3.6
2013-2-24 14:00,-7,3.8
2013-2-24 15:00,-7,3.4
2013-2-24 16:00,-8,3.3
2013-2-24 17:00,-12,3.9
2013-2-24 18:00,-12,4.3
2013-2-24 19:00,-12,4.4
2013-2-24 20:00,-13,4.5
2013-2-24 21:00,-13,4.3
2013-2-24 22:00,-10,4.1
2013-2-24 23:00,-9,4.1
2013-2-25 0:00,-7,4.1
2013-2-25 1:00,-5,4.3
2013-2-25 2:00,-4,3.9
2013-2-25 3:00,-4,4.1
2013-2-25 4:00,0,3.5
2013-2-25 5:00,3,3.5
2013-2-25 6:00,5,4.5
2013-2-25 7:00,8,5.7
2013-2-25 8:00,8,6
2013-2-25 9:00,11,5.1
2013-2-25 10:00,15,4
2013-2-25 11:00,19,4.2
2013-2-25 12:00,22,4.8
2013-2-25 13:00,19,5.9
2013-2-25 14:00,15,8
2013-2-25 15:00,13,8
2013-2-25 16:00,10,7.2
2013-2-25 17:00,10,6.5
2013-2-25 18:00,16,4.5
2013-2-25 19:00,16,2.7
2013-2-25 20:00,14,2.7
2013-2-25 21:00,11,2.8
2013-2-25 22:00,7,3.7
2013-2-25 23:00,3,3.7
2013-2-26 0:00,3,3.5
2013-2-26 1:00,3,3.6
2013-2-26 2:00,4,3.7
2013-2-26 3:00,7,3.8
2013-2-26 4:00,8,3.9
2013-2-26 5:00,11,3.6
2013-2-26 6:00,8,4.3
2013-2-26 7:00,5,5.2
2013-2-26 8:00,2,5.8
2013-2-26 9:00,4,6.6
2013-2-26 10:00,12,6.6
2013-2-26 11:00,14,6.5
2013-2-26 12:00,7,6.8
2013-2-26 13:00,2,6.4
2013-2-26 14:00,-3,5.6
2013-2-26 15:00,-6,5.3
2013-2-26 16:00,-8,5.3
2013-2-26 17:00,-13,5.5
2013-2-26 18:00,-15,5.1
2013-2-26 19:00,-16,4.4
2013-2-26 20:00,-14,4.1
2013-2-26 21:00,-15,4.8
2013-2-26 22:00,-16,5.2
2013-2-26 23:00,-14,4.8
2013-2-27 0:00,-7,3.8
2013-2-27 1:00,0,4.1
2013-2-27 2:00,0,4.2
2013-2-27 3:00,1,4.4
2013-2-27 4:00,1,3.7
2013-2-27 5:00,1,3.4
2013-2-27 6:00,2,2.7
2013-2-27 7:00,5,3.9
2013-2-27 8:00,8,3.5
2013-2-27 9:00,7,5.1
2013-2-27 10:00,11,4.2
2013-2-27 11:00,12,3.2
2013-2-27 12:00,9,3.8
2013-2-27 13:00,9,4.4
2013-2-27 14:00,6,4
2013-2-27 15:00,5,4
2013-2-27 16:00,6,3.5
2013-2-27 17:00,4,4
2013-2-27 18:00,1,4.2
2013-2-27 19:00,2,4.2
2013-2-27 20:00,3,4.2
2013-2-27 21:00,2,4.4
2013-2-27 22:00,1,4.4
2013-2-27 23:00,2,4.8
2013-2-28 0:00,0,5
2013-2-28 1:00,3,5.2
2013-2-28 2:00,7,4.2
2013-2-28 3:00,9,3
2013-2-28 4:00,9,4.1
2013-2-28 5:00,12,4.5
2013-2-28 6:00,11,6.3
2013-2-28 7:00,8,6.5
2013-2-28 8:00,2,6.3
2013-2-28 9:00,3,6.1
2013-2-28 10:00,2,5.8
2013-2-28 11:00,2,4.8
2013-2-28 12:00,4,5.5
2013-2-28 13:00,2,5.6
2013-2-28 14:00,-4,7
2013-2-28 15:00,-1,6.9
2013-2-28 16:00,2,7.2
2013-2-28 17:00,5,7.1
2013-2-28 18:00,7,8.4
2013-2-28 19:00,4,7.4
2013-2-28 20:00,1,7.1
2013-2-28 21:00,-6,8.1
2013-2-28 22:00,-6,10.1
2013-2-28 23:00,-18,8.8
2013-3-1 0:00,-24,7.4
2013-3-1 1:00,-27,8.3
2013-3-1 2:00,-22,9.4
2013-3-1 3:00,-25,12.4
2013-3-1 4:00,-22,11.5
2013-3-1 5:00,-17,11.6
2013-3-1 6:00,-15,11.1
2013-3-1 7:00,-12,12.4
2013-3-1 8:00,-14,15.5
2013-3-1 9:00,-37,16.7
2013-3-1 10:00,-55,13.7
2013-3-1 11:00,-40,13.8
2013-3-1 12:00,-30,14.4
2013-3-1 13:00,-28,10.7
2013-3-1 14:00,-38,9.9
2013-3-1 15:00,-46,10.3
2013-3-1 16:00,-48,9
2013-3-1 17:00,-51,8.4
2013-3-1 18:00,-41,7.4
2013-3-1 19:00,-37,7.8
2013-3-1 20:00,-40,7.1
2013-3-1 21:00,-44,6.5
2013-3-1 22:00,-51,6
2013-3-1 23:00,-52,5.5
2013-3-2 0:00,-44,5.2
2013-3-2 1:00,-37,5.1
2013-3-2 2:00,-38,4.8
2013-3-2 3:00,-37,4.7
2013-3-2 4:00,-33,4.6
2013-3-2 5:00,-28,4.6
2013-3-2 6:00,-25,4.8
2013-3-2 7:00,-25,4.9
2013-3-2 8:00,-27,6.5
2013-3-2 9:00,-20,4.8
2013-3-2 10:00,-16,4.9
2013-3-2 11:00,-16,3.2
2013-3-2 12:00,-22,2.7
2013-3-2 13:00,-27,2.8
2013-3-2 14:00,-28,3.7
2013-3-2 15:00,-24,4.1
2013-3-2 16:00,-21,4.7
2013-3-2 17:00,-25,4.4
2013-3-2 18:00,-27,3.8
2013-3-2 19:00,-23,4
2013-3-2 20:00,-22,4.4
2013-3-2 21:00,-22,4
2013-3-2 22:00,-27,4.5
2013-3-2 23:00,-30,4.5
2013-3-3 0:00,-27,4.6
2013-3-3 1:00,-26,5
2013-3-3 2:00,-30,4.8
2013-3-3 3:00,-31,4.6
2013-3-3 4:00,-28,4.6
2013-3-3 5:00,-20,4.5
2013-3-3 6:00,-19,4.7
2013-3-3 7:00,-25,4.9
2013-3-3 8:00,-26,4.7
2013-3-3 9:00,-23,4.7
2013-3-3 10:00,-17,4.6
2013-3-3 11:00,-11,4.7
2013-3-3 12:00,-10,5.1
2013-3-3 13:00,-12,5.1
2013-3-3 14:00,-15,5.3
2013-3-3 15:00,-15,5.2
2013-3-3 16:00,-16,5
2013-3-3 17:00,-18,5.2
2013-3-3 18:00,-18,5.1
2013-3-3 19:00,-18,5.1
2013-3-3 20:00,-21,5
2013-3-3 21:00,-24,5
2013-3-3 22:00,-25,4.9
2013-3-3 23:00,-26,4.8
2013-3-4 0:00,-29,5
2013-3-4 1:00,-34,4.9
2013-3-4 2:00,-35,3.8
2013-3-4 3:00,-32,3.3
2013-3-4 4:00,-25,3.2
2013-3-4 5:00,-20,3.3
2013-3-4 6:00,-18,3.5
2013-3-4 7:00,-16,3.5
2013-3-4 8:00,-13,3
2013-3-4 9:00,-11,3.3
2013-3-4 10:00,-13,3.9
2013-3-4 11:00,-14,3.5
2013-3-4 12:00,-11,3.3
2013-3-4 13:00,-9,3.4
2013-3-4 14:00,-8,2.8
2013-3-4 15:00,-8,2.6
2013-3-4 16:00,-9,2.6
2013-3-4 17:00,-10,2.7
2013-3-4 18:00,-11,2.8
2013-3-4 19:00,-11,2.8
2013-3-4 20:00,-13,3.1
2013-3-4 21:00,-17,3.1
2013-3-4 22:00,-19,3.1
2013-3-4 23:00,-19,3.3
2013-3-5 0:00,-19,3.5
2013-3-5 1:00,-16,3.6
2013-3-5 2:00,-16,3.4
2013-3-5 3:00,-18,3.3
2013-3-5 4:00,-15,2.9
2013-3-5 5:00,-13,2.6
2013-3-5 6:00,-9,2.5
2013-3-5 7:00,-9,2.4
2013-3-5 8:00,-6,2.6
2013-3-5 9:00,0,3.1
2013-3-5 10:00,2,3
2013-3-5 11:00,0,2.5
2013-3-5 12:00,-3,2.8
2013-3-5 13:00,-5,3
2013-3-5 14:00,-6,3
2013-3-5 15:00,-6,3
2013-3-5 16:00,-8,2.8
2013-3-5 17:00,-8,3.1
2013-3-5 18:00,-7,2.9
2013-3-5 19:00,-5,2.7
2013-3-5 20:00,-2,3.1
2013-3-5 21:00,-1,3.4
2013-3-5 22:00,-5,3.3
2013-3-5 23:00,-12,2.8
2013-3-6 0:00,-17,3.9
2013-3-6 1:00,-17,4
2013-3-6 2:00,-19,4.3
2013-3-6 3:00,-16,3.9
2013-3-6 4:00,-11,3.8
2013-3-6 5:00,-8,3.6
2013-3-6 6:00,-4,3.8
2013-3-6 7:00,-4,4.5
2013-3-6 8:00,-2,3.3
2013-3-6 9:00,0,2.7
2013-3-6 10:00,4,2.9
2013-3-6 11:00,7,3.5
2013-3-6 12:00,6,3.6
2013-3-6 13:00,4,3.3
2013-3-6 14:00,2,2.9
2013-3-6 15:00,0,2.7
2013-3-6 16:00,0,2.5
2013-3-6 17:00,2,2
2013-3-6 18:00,8,2.8
2013-3-6 19:00,8,3.6
2013-3-6 20:00,6,3.3
2013-3-6 21:00,2,4
2013-3-6 22:00,2,4.3
2013-3-6 23:00,5,4.9
2013-3-7 0:00,-2,5.2
2013-3-7 1:00,1,4.6
2013-3-7 2:00,-1,5.3
2013-3-7 3:00,3,2.7
2013-3-7 4:00,7,2.8
2013-3-7 5:00,7,3.4
2013-3-7 6:00,8,4.3
2013-3-7 7:00,6,3
2013-3-7 8:00,6,3.8
2013-3-7 9:00,7,4.5
2013-3-7 10:00,5,4.7
2013-3-7 11:00,1,4.1
2013-3-7 12:00,3,4
2013-3-7 13:00,4,4
2013-3-7 14:00,4,4.1
2013-3-7 15:00,2,4.2
2013-3-7 16:00,0,4
2013-3-7 17:00,-2,4.7
2013-3-7 18:00,-1,4.9
2013-3-7 19:00,-1,4.8
2013-3-7 20:00,0,4.4
2013-3-7 21:00,1,4.5
2013-3-7 22:00,2,4.1
2013-3-7 23:00,4,3.9
2013-3-8 0:00,4,3.7
2013-3-8 1:00,3,2.9
2013-3-8 2:00,2,2.3
2013-3-8 3:00,2,2.3
2013-3-8 4:00,2,1.7
2013-3-8 5:00,5,2.1
2013-3-8 6:00,8,2.8
2013-3-8 7:00,8,4
2013-3-8 8:00,7,4
2013-3-8 9:00,7,5
2013-3-8 10:00,6,3.5
2013-3-8 11:00,4,3.1
2013-3-8 12:00,2,4.1
2013-3-8 13:00,2,1.9
2013-3-8 14:00,0,2.3
2013-3-8 15:00,1,2.2
2013-3-8 16:00,3,2.3
2013-3-8 17:00,3,2.5
2013-3-8 18:00,4,2.7
2013-3-8 19:00,2,4.1
2013-3-8 20:00,-1,5.4
2013-3-8 21:00,-1,5.6
2013-3-8 22:00,3,5.7
2013-3-8 23:00,5,4.5
2013-3-9 0:00,2,4.9
2013-3-9 1:00,0,5.4
2013-3-9 2:00,2,5.2
2013-3-9 3:00,2,5.1
2013-3-9 4:00,2,4.5
2013-3-9 5:00,3,4.7
2013-3-9 6:00,0,4.5
2013-3-9 7:00,0,4
2013-3-9 8:00,0,3.1
2013-3-9 9:00,2,2.8
2013-3-9 10:00,0,4.7
2013-3-9 11:00,-1,5.1
2013-3-9 12:00,2,5.2
2013-3-9 13:00,6,5.3
2013-3-9 14:00,3,5.2
2013-3-9 15:00,3,5.2
2013-3-9 16:00,4,4.3
2013-3-9 17:00,2,4.7
2013-3-9 18:00,1,4.8
2013-3-9 19:00,8,4.4
2013-3-9 20:00,10,2.6
2013-3-9 21:00,4,4.4
2013-3-9 22:00,2,5
2013-3-9 23:00,5,5.2
2013-3-10 0:00,9,5.2
2013-3-10 1:00,11,3.7
2013-3-10 2:00,10,2.4
2013-3-10 3:00,10,1.7
2013-3-10 4:00,12,1.9
2013-3-10 5:00,12,1.5
2013-3-10 6:00,10,0.8
2013-3-10 7:00,7,1.5
2013-3-10 8:00,7,1
2013-3-10 9:00,9,1.1
2013-3-10 10:00,12,1.5
2013-3-10 11:00,13,1.5
2013-3-10 12:00,13,1.3
2013-3-10 13:00,12,1.2
2013-3-10 14:00,10,1.5
2013-3-10 15:00,7,1.5
2013-3-10 16:00,7,2.2
2013-3-10 17:00,9,1.3
2013-3-10 18:00,11,2.6
2013-3-10 19:00,11,2.4
2013-3-10 20:00,10,4
2013-3-10 21:00,2,4
2013-3-10 22:00,-5,5
2013-3-10 23:00,-6,5.3
2013-3-11 0:00,-2,4.9
2013-3-11 1:00,-2,4.6
2013-3-11 2:00,-1,4.4
2013-3-11 3:00,2,4.4
2013-3-11 4:00,5,4.6
2013-3-11 5:00,8,5.1
2013-3-11 6:00,5,4.5
2013-3-11 7:00,-3,4.4
2013-3-11 8:00,-3,2.9
2013-3-11 9:00,1,3.5
2013-3-11 10:00,3,2.9
2013-3-11 11:00,6,2.5
2013-3-11 12:00,8,2.8
2013-3-11 13:00,9,2.8
2013-3-11 14:00,10,2.4
2013-3-11 15:00,6,2.9
2013-3-11 16:00,4,2.8
2013-3-11 17:00,2,2.7
2013-3-11 18:00,0,2.4
2013-3-11 19:00,2,2.8
2013-3-11 20:00,4,3.4
2013-3-11 21:00,7,3.3
2013-3-11 22:00,9,3
2013-3-11 23:00,10,2.7
2013-3-12 0:00,9,2.6
2013-3-12 1:00,5,3.6
2013-3-12 2:00,3,3.4
2013-3-12 3:00,7,4.1
2013-3-12 4:00,8,4.4
2013-3-12 5:00,9,4.2
2013-3-12 6:00,10,2.5
2013-3-12 7:00,7,2.2
2013-3-12 8:00,8,3.9
2013-3-12 9:00,15,4.2
2013-3-12 10:00,20,4.6
2013-3-12 11:00,22,4.4
2013-3-12 12:00,22,2.2
2013-3-12 13:00,20,1.8
2013-3-12 14:00,15,2
2013-3-12 15:00,10,2.2
2013-3-12 16:00,5,2.4
2013-3-12 17:00,-2,4.2
2013-3-12 18:00,0,4.6
2013-3-12 19:00,9,2.1
2013-3-12 20:00,9,2.3
2013-3-12 21:00,6,2.1
2013-3-12 22:00,2,2.9
2013-3-12 23:00,1,2.2
2013-3-13 0:00,0,1.6
2013-3-13 1:00,-3,2
2013-3-13 2:00,-5,2.9
2013-3-13 3:00,-2,2.2
2013-3-13 4:00,1,1.6
2013-3-13 5:00,1,1.3
2013-3-13 6:00,1,1.3
2013-3-13 7:00,0,1.4
2013-3-13 8:00,-1,1.7
2013-3-13 9:00,2,1.6
2013-3-13 10:00,6,1.6
2013-3-13 11:00,9,1.8
2013-3-13 12:00,9,1.9
2013-3-13 13:00,11,1.9
2013-3-13 14:00,11,1.8
2013-3-13 15:00,10,1.9
2013-3-13 16:00,9,1.7
2013-3-13 17:00,7,1.8
2013-3-13 18:00,6,2
2013-3-13 19:00,8,2.5
2013-3-13 20:00,9,3.7
2013-3-13 21:00,9,4.2
2013-3-13 22:00,8,3.8
2013-3-13 23:00,7,3.4
2013-3-14 0:00,8,4
2013-3-14 1:00,9,4.8
2013-3-14 2:00,11,5
2013-3-14 3:00,11,5.1
2013-3-14 4:00,7,5.4
2013-3-14 5:00,6,6.7
2013-3-14 6:00,7,7.3
2013-3-14 7:00,6,7.2
2013-3-14 8:00,6,7.4
2013-3-14 9:00,9,6.4
2013-3-14 10:00,10,6.5
2013-3-14 11:00,14,6.6
2013-3-14 12:00,15,6.6
2013-3-14 13:00,19,6.2
2013-3-14 14:00,18,5.2
2013-3-14 15:00,17,6.3
2013-3-14 16:00,10,7.8
2013-3-14 17:00,7,9.9
2013-3-14 18:00,4,10.6
2013-3-14 19:00,6,10
2013-3-14 20:00,5,8.7
2013-3-14 21:00,6,8.7
2013-3-14 22:00,5,9.4
2013-3-14 23:00,1,10.2
2013-3-15 0:00,1,10
2013-3-15 1:00,1,9.7
2013-3-15 2:00,3,9.1
2013-3-15 3:00,2,9.2
2013-3-15 4:00,1,8.2
2013-3-15 5:00,12,8.6
2013-3-15 6:00,7,11.9
2013-3-15 7:00,-6,11
2013-3-15 8:00,-5,12.2
2013-3-15 9:00,2,11.3
2013-3-15 10:00,3,10.6
2013-3-15 11:00,3,9.9
2013-3-15 12:00,1,9.3
2013-3-15 13:00,3,8.6
2013-3-15 14:00,3,8.3
2013-3-15 15:00,3,7.8
2013-3-15 16:00,3,7.2
2013-3-15 17:00,1,6.7
2013-3-15 18:00,0,6.1
2013-3-15 19:00,1,5.7
2013-3-15 20:00,-1,5.4
2013-3-15 21:00,-2,5.3
2013-3-15 22:00,-2,5.2
2013-3-15 23:00,-3,5.2
2013-3-16 0:00,-4,5.1
2013-3-16 1:00,-9,5.1
2013-3-16 2:00,-11,5.9
2013-3-16 3:00,-19,7
2013-3-16 4:00,-19,6.6
2013-3-16 5:00,-22,6.3
2013-3-16 6:00,-24,5.9
2013-3-16 7:00,-22,6.1
2013-3-16 8:00,-23,6.2
2013-3-16 9:00,-25,6
2013-3-16 10:00,-23,6
2013-3-16 11:00,-16,5.9
2013-3-16 12:00,-9,5.9
2013-3-16 13:00,-10,5.9
2013-3-16 14:00,-10,6
2013-3-16 15:00,-10,5.9
2013-3-16 16:00,-11,5.7
2013-3-16 17:00,-11,5.4
2013-3-16 18:00,-9,5.1
2013-3-16 19:00,-6,4.8
2013-3-16 20:00,-6,4.3
2013-3-16 21:00,-7,4.1
2013-3-16 22:00,-10,3.9
2013-3-16 23:00,-9,3.8
2013-3-17 0:00,-11,4
2013-3-17 1:00,-13,4.3
2013-3-17 2:00,-11,4.3
2013-3-17 3:00,-8,4.2
2013-3-17 4:00,-8,4
2013-3-17 5:00,-7,4
2013-3-17 6:00,15,9.5
2013-3-17 7:00,-5,12.9
2013-3-17 8:00,-23,17.8
2013-3-17 9:00,-66,16.4
2013-3-17 10:00,-89,15.3
2013-3-17 11:00,-82,12.3
2013-3-17 12:00,-86,11.1
2013-3-17 13:00,-85,8.9
2013-3-17 14:00,-89,7
2013-3-17 15:00,-89,9.5
2013-3-17 16:00,-84,10.2
2013-3-17 17:00,-99,12.3
2013-3-17 18:00,-98,13.1
2013-3-17 19:00,-115,12.9
2013-3-17 20:00,-132,12.4
2013-3-17 21:00,-131,11.9
2013-3-17 22:00,-116,11
2013-3-17 23:00,-105,10.6
2013-3-18 0:00,-96,9.7
2013-3-18 1:00,-84,10.5
2013-3-18 2:00,-77,10.7
2013-3-18 3:00,-68,10.4
2013-3-18 4:00,-64,9.8
2013-3-18 5:00,-64,9.6
2013-3-18 6:00,-60,8.7
2013-3-18 7:00,-56,8.7
2013-3-18 8:00,-55,8.4
2013-3-18 9:00,-50,8.3
2013-3-18 10:00,-43,8.7
2013-3-18 11:00,-42,9.1
2013-3-18 12:00,-43,9
2013-3-18 13:00,-41,9.1
2013-3-18 14:00,-45,8.7
2013-3-18 15:00,-47,8.5
2013-3-18 16:00,-50,8.6
2013-3-18 17:00,-50,9.6
2013-3-18 18:00,-48,10.3
2013-3-18 19:00,-47,10.7
2013-3-18 20:00,-48,10.1
2013-3-18 21:00,-46,10
2013-3-18 22:00,-47,10.3
2013-3-18 23:00,-46,9.7
2013-3-19 0:00,-44,9.3
2013-3-19 1:00,-45,8.9
2013-3-19 2:00,-43,8.1
2013-3-19 3:00,-37,7.8
2013-3-19 4:00,-37,7.5
2013-3-19 5:00,-37,7.8
2013-3-19 6:00,-35,7.8
2013-3-19 7:00,-37,7.9
2013-3-19 8:00,-40,7.5
2013-3-19 9:00,-41,7.4
2013-3-19 10:00,-40,7.1
2013-3-19 11:00,-37,7.2
2013-3-19 12:00,-35,7.4
2013-3-19 13:00,-33,7.7
2013-3-19 14:00,-31,8.2
2013-3-19 15:00,-32,8
2013-3-19 16:00,-31,8.2
2013-3-19 17:00,-29,6.9
2013-3-19 18:00,-30,5.6
2013-3-19 19:00,-29,3.6
2013-3-19 20:00,-36,4.3
2013-3-19 21:00,-36,3.1
2013-3-19 22:00,-33,3.2
2013-3-19 23:00,-32,3.2
2013-3-20 0:00,-31,3.2
2013-3-20 1:00,-32,3.5
2013-3-20 2:00,-30,3.6
2013-3-20 3:00,-28,3.6
2013-3-20 4:00,-31,3.7
2013-3-20 5:00,-34,4.2
2013-3-20 6:00,-31,4.5
2013-3-20 7:00,-29,4.1
2013-3-20 8:00,-29,4.5
2013-3-20 9:00,-32,4.7
2013-3-20 10:00,-31,3.3
2013-3-20 11:00,-28,4.6
2013-3-20 12:00,-21,6.8
2013-3-20 13:00,-24,8.5
2013-3-20 14:00,-30,9.3
2013-3-20 15:00,-33,9.9
2013-3-20 16:00,-38,10.4
2013-3-20 17:00,-39,9.7
2013-3-20 18:00,-34,10.2
2013-3-20 19:00,-26,8.5
2013-3-20 20:00,-23,7.3
2013-3-20 21:00,-32,8.9
2013-3-20 22:00,-35,8.8
2013-3-20 23:00,-42,8.7
2013-3-21 0:00,-48,7.2
2013-3-21 1:00,-52,7.2
2013-3-21 2:00,-50,7.3
2013-3-21 3:00,-52,7.6
2013-3-21 4:00,-54,6.3
2013-3-21 5:00,-52,7.2
2013-3-21 6:00,-50,6.6
2013-3-21 7:00,-53,6.4
2013-3-21 8:00,-53,6.1
2013-3-21 9:00,-49,5.9
2013-3-21 10:00,-41,5.8
2013-3-21 11:00,-36,6
2013-3-21 12:00,-36,6.2
2013-3-21 13:00,-35,6.6
2013-3-21 14:00,-34,6.3
2013-3-21 15:00,-33,6.4
2013-3-21 16:00,-34,6.6
2013-3-21 17:00,-36,6.7
2013-3-21 18:00,-36,6.9
2013-3-21 19:00,-33,7
2013-3-21 20:00,-33,7.2
2013-3-21 21:00,-28,6.3
2013-3-21 22:00,-23,6.2
2013-3-21 23:00,-23,6.3
2013-3-22 0:00,-22,6.6
2013-3-22 1:00,-21,5.6
2013-3-22 2:00,-20,4.4
2013-3-22 3:00,-18,4.6
2013-3-22 4:00,-17,5.1
2013-3-22 5:00,-19,6.5
2013-3-22 6:00,-26,6.9
2013-3-22 7:00,-29,6.7
2013-3-22 8:00,-28,6.7
2013-3-22 9:00,-25,6.6
2013-3-22 10:00,-18,6.2
2013-3-22 11:00,-11,6.4
2013-3-22 12:00,-15,6.1
2013-3-22 13:00,-17,5.9
2013-3-22 14:00,-12,4.9
2013-3-22 15:00,-12,4
2013-3-22 16:00,-14,4.2
2013-3-22 17:00,-20,4.1
2013-3-22 18:00,-27,4.1
2013-3-22 19:00,-32,3.8
2013-3-22 20:00,-27,3.4
2013-3-22 21:00,-21,3.1
2013-3-22 22:00,-20,2.9
2013-3-22 23:00,-20,2.7
2013-3-23 0:00,-18,2.9
2013-3-23 1:00,-11,2.8
2013-3-23 2:00,-13,2.9
2013-3-23 3:00,-14,3.3
2013-3-23 4:00,-13,3.6
2013-3-23 5:00,-10,4.1
2013-3-23 6:00,-10,4.4
2013-3-23 7:00,-15,5.1
2013-3-23 8:00,-19,5.1
2013-3-23 9:00,-20,4.9
2013-3-23 10:00,-19,4.8
2013-3-23 11:00,-10,4.3
2013-3-23 12:00,-7,5.2
2013-3-23 13:00,-8,4.8
2013-3-23 14:00,-10,4.5
2013-3-23 15:00,-15,4.3
2013-3-23 16:00,-18,4.5
2013-3-23 17:00,-19,4.3
2013-3-23 18:00,-15,5.5
2013-3-23 19:00,-16,9.4
2013-3-23 20:00,-20,8.3
2013-3-23 21:00,-13,8.2
2013-3-23 22:00,-6,7.2
2013-3-23 23:00,0,4.5
2013-3-24 0:00,-3,4.1
2013-3-24 1:00,-8,3
2013-3-24 2:00,-5,2
2013-3-24 3:00,-5,1.5
2013-3-24 4:00,-5,1.5
2013-3-24 5:00,-5,1.7
2013-3-24 6:00,-8,1.5
2013-3-24 7:00,-10,2.4
2013-3-24 8:00,-8,2
2013-3-24 9:00,-6,0.8
2013-3-24 10:00,-5,1.3
2013-3-24 11:00,-4,3
2013-3-24 12:00,-7,3.4
2013-3-24 13:00,-9,4
2013-3-24 14:00,-10,4.3
2013-3-24 15:00,-14,4
2013-3-24 16:00,-16,3.8
2013-3-24 17:00,-16,4
2013-3-24 18:00,-17,3.9
2013-3-24 19:00,-20,3.8
2013-3-24 20:00,-18,3.9
2013-3-24 21:00,-17,4
2013-3-24 22:00,-17,4
2013-3-24 23:00,-15,4.1
2013-3-25 0:00,-13,3.9
2013-3-25 1:00,-12,3.7
2013-3-25 2:00,-11,3.8
2013-3-25 3:00,-10,4
2013-3-25 4:00,-10,4
2013-3-25 5:00,-11,4
2013-3-25 6:00,-12,2.2
2013-3-25 7:00,-8,1.8
2013-3-25 8:00,-8,2.3
2013-3-25 9:00,-5,2.4
2013-3-25 10:00,-9,3.7
2013-3-25 11:00,-6,3.7
2013-3-25 12:00,-4,3.4
2013-3-25 13:00,-5,3.8
2013-3-25 14:00,-4,4.4
2013-3-25 15:00,-2,6.3
2013-3-25 16:00,1,6.8
2013-3-25 17:00,3,7.7
2013-3-25 18:00,4,8
2013-3-25 19:00,-2,8.8
2013-3-25 20:00,-4,5.5
2013-3-25 21:00,-4,4.2
2013-3-25 22:00,-7,4.2
2013-3-25 23:00,-6,4.1
2013-3-26 0:00,-4,4.8
2013-3-26 1:00,-5,5.8
2013-3-26 2:00,-3,4.9
2013-3-26 3:00,-3,4.2
2013-3-26 4:00,-4,3.6
2013-3-26 5:00,-7,2.4
2013-3-26 6:00,-6,2.5
2013-3-26 7:00,-8,3.2
2013-3-26 8:00,-8,3.2
2013-3-26 9:00,-8,3.4
2013-3-26 10:00,-5,3.8
2013-3-26 11:00,-4,3.9
2013-3-26 12:00,-4,3.6
2013-3-26 13:00,-6,3.5
2013-3-26 14:00,-5,3
2013-3-26 15:00,-4,3.8
2013-3-26 16:00,-4,2.9
2013-3-26 17:00,-6,2.8
2013-3-26 18:00,-7,2.9
2013-3-26 19:00,-5,3
2013-3-26 20:00,-3,3.9
2013-3-26 21:00,0,4.5
2013-3-26 22:00,2,4.9
2013-3-26 23:00,4,5.3
2013-3-27 0:00,7,5.6
2013-3-27 1:00,11,6.1
2013-3-27 2:00,8,7.5
2013-3-27 3:00,0,9.4
2013-3-27 4:00,-7,10
2013-3-27 5:00,-9,9.5
2013-3-27 6:00,-12,8.9
2013-3-27 7:00,-15,10.1
2013-3-27 8:00,-12,9
2013-3-27 9:00,-15,11.3
2013-3-27 10:00,-23,10.5
2013-3-27 11:00,-20,8.6
2013-3-27 12:00,-9,7.7
2013-3-27 13:00,-2,5.9
2013-3-27 14:00,-6,9.7
2013-3-27 15:00,-14,9.4
2013-3-27 16:00,-31,10.1
2013-3-27 17:00,-33,6.5
2013-3-27 18:00,-25,4.3
2013-3-27 19:00,-25,4.6
2013-3-27 20:00,-29,5
2013-3-27 21:00,-31,5.8
2013-3-27 22:00,-31,4.5
2013-3-27 23:00,-32,5.6
2013-3-28 0:00,-29,5.1
2013-3-28 1:00,-23,5.1
2013-3-28 2:00,-25,5.1
2013-3-28 3:00,-25,5
2013-3-28 4:00,-26,4.7
2013-3-28 5:00,-25,4.6
2013-3-28 6:00,-26,4.6
2013-3-28 7:00,-26,4.9
2013-3-28 8:00,-26,4.4
2013-3-28 9:00,-23,3.1
2013-3-28 10:00,-21,3.6
2013-3-28 11:00,-22,3.5
2013-3-28 12:00,-19,3.6
2013-3-28 13:00,-17,3.9
2013-3-28 14:00,-16,4.2
2013-3-28 15:00,-16,4.1
2013-3-28 16:00,-21,4
2013-3-28 17:00,-27,4.1
2013-3-28 18:00,-29,4.3
2013-3-28 19:00,-30,3.4
2013-3-28 20:00,-30,2.7
2013-3-28 21:00,-25,3.8
2013-3-28 22:00,-17,4.7
2013-3-28 23:00,-12,5.3
2013-3-29 0:00,-16,5.7
2013-3-29 1:00,-21,7.1
2013-3-29 2:00,-18,6
2013-3-29 3:00,-18,7.9
2013-3-29 4:00,-26,8.3
2013-3-29 5:00,-38,8
2013-3-29 6:00,-47,7.8
2013-3-29 7:00,-47,7.7
2013-3-29 8:00,-42,8.4
2013-3-29 9:00,-46,9.9
2013-3-29 10:00,-45,9.8
2013-3-29 11:00,-47,8
2013-3-29 12:00,-43,9.1
2013-3-29 13:00,-40,9.2
2013-3-29 14:00,-51,10.1
2013-3-29 15:00,-50,10.1
2013-3-29 16:00,-59,7.2
2013-3-29 17:00,-59,5.5
2013-3-29 18:00,-53,6
2013-3-29 19:00,-47,5.4
2013-3-29 20:00,-49,6.3
2013-3-29 21:00,-47,6.3
2013-3-29 22:00,-45,6
2013-3-29 23:00,-44,6
2013-3-30 0:00,-39,5.7
2013-3-30 1:00,-41,6
2013-3-30 2:00,-35,7.1
2013-3-30 3:00,-45,7.6
2013-3-30 4:00,-43,6.3
2013-3-30 5:00,-40,6.1
2013-3-30 6:00,-38,5.5
2013-3-30 7:00,-37,4.6
2013-3-30 8:00,-38,4.6
2013-3-30 9:00,-42,3.6
2013-3-30 10:00,-38,4.1
2013-3-30 11:00,-33,4.2
2013-3-30 12:00,-31,4.3
2013-3-30 13:00,-30,4.1
2013-3-30 14:00,-30,3.4
2013-3-30 15:00,-29,3.8
2013-3-30 16:00,-31,3
2013-3-30 17:00,-33,2.7
2013-3-30 18:00,-37,2.7
2013-3-30 19:00,-35,3.2
2013-3-30 20:00,-36,3.1
2013-3-30 21:00,-34,3.1
2013-3-30 22:00,-31,3
2013-3-30 23:00,-28,2.5
2013-3-31 0:00,-24,3.5
2013-3-31 1:00,-21,2.8
2013-3-31 2:00,-17,2.9
2013-3-31 3:00,-15,3.7
2013-3-31 4:00,-14,3.4
2013-3-31 5:00,-16,3.7
2013-3-31 6:00,-17,3.7
2013-3-31 7:00,-19,3.4
2013-3-31 8:00,-21,3.3
2013-3-31 9:00,-20,3.9
2013-3-31 10:00,-19,3.7
2013-3-31 11:00,-20,3.7
2013-3-31 12:00,-20,3.7
2013-3-31 13:00,-20,3.3
2013-3-31 14:00,-16,3.2
2013-3-31 15:00,-14,2.9
2013-3-31 16:00,-17,2.8
2013-3-31 17:00,-21,3
2013-3-31 18:00,-26,3.1
2013-3-31 19:00,-26,3.1
2013-3-31 20:00,-26,3.5
2013-3-31 21:00,-22,3.5
2013-3-31 22:00,-20,3.4
2013-3-31 23:00,-18,3.4
2013-4-1 0:00,-17,3.4
2013-4-1 1:00,-17,3.3
2013-4-1 2:00,-20,3
2013-4-1 3:00,-20,3.2
2013-4-1 4:00,-20,3.3
2013-4-1 5:00,-20,3.7
2013-4-1 6:00,-19,3.7
2013-4-1 7:00,-22,3.6
2013-4-1 8:00,-28,3.6
2013-4-1 9:00,-31,3.9
2013-4-1 10:00,-28,3.8
2013-4-1 11:00,-23,3.8
2013-4-1 12:00,-21,3.3
2013-4-1 13:00,-22,3.6
2013-4-1 14:00,-23,3.7
2013-4-1 15:00,-24,3.3
2013-4-1 16:00,-24,3.1
2013-4-1 17:00,-26,2.8
2013-4-1 18:00,-27,2.9
2013-4-1 19:00,-25,2.9
2013-4-1 20:00,-22,3.3
2013-4-1 21:00,-22,3.3
2013-4-1 22:00,-21,2.9
2013-4-1 23:00,-18,3.1
2013-4-2 0:00,-17,2.9
2013-4-2 1:00,-17,2.7
2013-4-2 2:00,-15,2.7
2013-4-2 3:00,-14,2.8
2013-4-2 4:00,-14,2.8
2013-4-2 5:00,-13,2.8
2013-4-2 6:00,-16,2.8
2013-4-2 7:00,-17,2.6
2013-4-2 8:00,-18,2.6
2013-4-2 9:00,-17,2.7
2013-4-2 10:00,-16,2.3
2013-4-2 11:00,-14,2.6
2013-4-2 12:00,-12,2.9
2013-4-2 13:00,-11,2.9
2013-4-2 14:00,-11,3
2013-4-2 15:00,-10,3.1
2013-4-2 16:00,-11,3.1
2013-4-2 17:00,-14,3.3
2013-4-2 18:00,-14,3.3
2013-4-2 19:00,-14,3.2
2013-4-2 20:00,-11,3.4
2013-4-2 21:00,-12,3.5
2013-4-2 22:00,-14,3.7
2013-4-2 23:00,-13,3.5
2013-4-3 0:00,-12,3.2
2013-4-3 1:00,-11,3.5
2013-4-3 2:00,-12,3.6
2013-4-3 3:00,-13,3.8
2013-4-3 4:00,-12,4
2013-4-3 5:00,-11,3.8
2013-4-3 6:00,-10,3.7
2013-4-3 7:00,-11,3.3
2013-4-3 8:00,-13,3.2
2013-4-3 9:00,-15,3.3
2013-4-3 10:00,-15,3.3
2013-4-3 11:00,-13,3.3
2013-4-3 12:00,-11,3.3
2013-4-3 13:00,-11,3.5
2013-4-3 14:00,-11,3.5
2013-4-3 15:00,-10,3.7
2013-4-3 16:00,-10,3.7
2013-4-3 17:00,-11,4.1
2013-4-3 18:00,-11,4.6
2013-4-3 19:00,-12,4.7
2013-4-3 20:00,-12,4.9
2013-4-3 21:00,-15,5
2013-4-3 22:00,-15,5.1
2013-4-3 23:00,-17,5
2013-4-4 0:00,-16,4.7
2013-4-4 1:00,-14,4.6
2013-4-4 2:00,-11,4.4
2013-4-4 3:00,-10,4.7
2013-4-4 4:00,-8,4.6
2013-4-4 5:00,-7,4.1
2013-4-4 6:00,-6,5.1
2013-4-4 7:00,-6,4.8
2013-4-4 8:00,-8,5.3
2013-4-4 9:00,-11,5.5
2013-4-4 10:00,-13,6
2013-4-4 11:00,-14,6.3
2013-4-4 12:00,-15,6.2
2013-4-4 13:00,-17,6
2013-4-4 14:00,-19,5.8
2013-4-4 15:00,-18,5.7
2013-4-4 16:00,-19,5.6
2013-4-4 17:00,-20,5.4
2013-4-4 18:00,-19,5.2
2013-4-4 19:00,-19,4.8
2013-4-4 20:00,-19,4.5
2013-4-4 21:00,-17,5.1
2013-4-4 22:00,-17,5.7
2013-4-4 23:00,-17,4.7
2013-4-5 0:00,-14,5.8
2013-4-5 1:00,-13,5.7
2013-4-5 2:00,-11,5.6
2013-4-5 3:00,-11,5.5
2013-4-5 4:00,-12,5.2
2013-4-5 5:00,-12,5.5
2013-4-5 6:00,-11,5.8
2013-4-5 7:00,-10,6.3
2013-4-5 8:00,-10,5.7
2013-4-5 9:00,-10,5.8
2013-4-5 10:00,-10,5.8
2013-4-5 11:00,-7,5.7
2013-4-5 12:00,-6,5.7
2013-4-5 13:00,-6,6
2013-4-5 14:00,-6,6.4
2013-4-5 15:00,-5,6
2013-4-5 16:00,-3,5.8
2013-4-5 17:00,-4,6.4
2013-4-5 18:00,-2,6.7
2013-4-5 19:00,-5,7.2
2013-4-5 20:00,-5,6.8
2013-4-5 21:00,-5,6
2013-4-5 22:00,-5,6.1
2013-4-5 23:00,-4,5.8
2013-4-6 0:00,-3,6
2013-4-6 1:00,-1,6.9
2013-4-6 2:00,0,7.1
2013-4-6 3:00,1,6.8
2013-4-6 4:00,2,6.4
2013-4-6 5:00,2,6.9
2013-4-6 6:00,-3,7.1
2013-4-6 7:00,-10,6.9
2013-4-6 8:00,-9,6.4
2013-4-6 9:00,-5,5.6
2013-4-6 10:00,-3,5.4
2013-4-6 11:00,-6,4.8
2013-4-6 12:00,-9,4.5
2013-4-6 13:00,-10,4.2
2013-4-6 14:00,-8,4
2013-4-6 15:00,-6,3.9
2013-4-6 16:00,-9,4
2013-4-6 17:00,-14,4.2
2013-4-6 18:00,-17,4.1
2013-4-6 19:00,-16,3.9
2013-4-6 20:00,-12,3.7
2013-4-6 21:00,-12,3.7
2013-4-6 22:00,-11,4.1
2013-4-6 23:00,-9,4
2013-4-7 0:00,-9,4.2
2013-4-7 1:00,-9,4.4
2013-4-7 2:00,-9,4.3
2013-4-7 3:00,-11,4.5
2013-4-7 4:00,-13,4.4
2013-4-7 5:00,-13,4
2013-4-7 6:00,-10,3.6
2013-4-7 7:00,-6,2.7
2013-4-7 8:00,-1,4.2
2013-4-7 9:00,-1,5.1
2013-4-7 10:00,-1,5.2
2013-4-7 11:00,-3,5.3
2013-4-7 12:00,-8,5.2
2013-4-7 13:00,-12,5.1
2013-4-7 14:00,-12,4.7
2013-4-7 15:00,-8,4.7
2013-4-7 16:00,-9,6
2013-4-7 17:00,-12,6.2
2013-4-7 18:00,-12,5.8
2013-4-7 19:00,-9,5
2013-4-7 20:00,-6,5
2013-4-7 21:00,-7,4.9
2013-4-7 22:00,-9,5.1
2013-4-7 23:00,-8,5.4
2013-4-8 0:00,-8,5.4
2013-4-8 1:00,-7,4.7
2013-4-8 2:00,-8,4.7
2013-4-8 3:00,-8,4.2
2013-4-8 4:00,-7,3.6
2013-4-8 5:00,-6,3.7
2013-4-8 6:00,-7,4.3
2013-4-8 7:00,-5,3.1
2013-4-8 8:00,-4,2.9
2013-4-8 9:00,-2,3.4
2013-4-8 10:00,-3,3.6
2013-4-8 11:00,-5,3.3
2013-4-8 12:00,-7,2.7
2013-4-8 13:00,-7,2.9
2013-4-8 14:00,-6,2.2
2013-4-8 15:00,-5,2.8
2013-4-8 16:00,-6,2.8
2013-4-8 17:00,-5,2.8
2013-4-8 18:00,-5,3
2013-4-8 19:00,-9,3.2
2013-4-8 20:00,-10,3.5
2013-4-8 21:00,-6,4
2013-4-8 22:00,-6,4.4
2013-4-8 23:00,-7,4.3
2013-4-9 0:00,-4,4.9
2013-4-9 1:00,-4,4.9
2013-4-9 2:00,-8,5.1
2013-4-9 3:00,-6,5.2
2013-4-9 4:00,-4,4.9
2013-4-9 5:00,-2,4.7
2013-4-9 6:00,-2,4.6
2013-4-9 7:00,-3,4.8
2013-4-9 8:00,-3,5.1
2013-4-9 9:00,0,4.9
2013-4-9 10:00,-2,5
2013-4-9 11:00,-3,5.2
2013-4-9 12:00,-5,5.4
2013-4-9 13:00,-4,5.4
2013-4-9 14:00,-1,5.3
2013-4-9 15:00,0,5.4
2013-4-9 16:00,-2,5.7
2013-4-9 17:00,-2,5.7
2013-4-9 18:00,-3,6
2013-4-9 19:00,-5,6
2013-4-9 20:00,-6,5.6
2013-4-9 21:00,-7,5.7
2013-4-9 22:00,-6,5.5
2013-4-9 23:00,-4,5.7
2013-4-10 0:00,-3,5.5
2013-4-10 1:00,-2,5.5
2013-4-10 2:00,0,5.1
2013-4-10 3:00,7,3.9
2013-4-10 4:00,8,4.3
2013-4-10 5:00,10,5.1
2013-4-10 6:00,15,4.8
2013-4-10 7:00,12,6
2013-4-10 8:00,8,5.5
2013-4-10 9:00,5,5.3
2013-4-10 10:00,4,5.2
2013-4-10 11:00,0,5.2
2013-4-10 12:00,-1,5.3
2013-4-10 13:00,2,5.2
2013-4-10 14:00,5,5.4
2013-4-10 15:00,10,5.1
2013-4-10 16:00,9,4.5
2013-4-10 17:00,7,4.1
2013-4-10 18:00,8,4.4
2013-4-10 19:00,7,5.2
2013-4-10 20:00,5,5.7
2013-4-10 21:00,-2,6.6
2013-4-10 22:00,-3,6.7
2013-4-10 23:00,1,6.5
2013-4-11 0:00,5,6.5
2013-4-11 1:00,7,6.6
2013-4-11 2:00,9,6.7
2013-4-11 3:00,11,7.3
2013-4-11 4:00,9,7.2
2013-4-11 5:00,10,7
2013-4-11 6:00,10,7
2013-4-11 7:00,11,7.1
2013-4-11 8:00,7,7
2013-4-11 9:00,5,6.6
2013-4-11 10:00,4,6.7
2013-4-11 11:00,0,6.2
2013-4-11 12:00,1,5.7
2013-4-11 13:00,5,5.8
2013-4-11 14:00,10,5.8
2013-4-11 15:00,11,5.5
2013-4-11 16:00,8,5.1
2013-4-11 17:00,5,5.1
2013-4-11 18:00,1,5.3
2013-4-11 19:00,-1,5.4
2013-4-11 20:00,-1,5.4
2013-4-11 21:00,-3,5.2
2013-4-11 22:00,-5,4.8
2013-4-11 23:00,-10,4.3
2013-4-12 0:00,-8,3.9
2013-4-12 1:00,-6,4.3
2013-4-12 2:00,-3,4.1
2013-4-12 3:00,-2,4.3
2013-4-12 4:00,-1,4.2
2013-4-12 5:00,-1,4.3
2013-4-12 6:00,-1,4.3
2013-4-12 7:00,-2,4.7
2013-4-12 8:00,-3,5
2013-4-12 9:00,-2,4.9
2013-4-12 10:00,0,4.8
2013-4-12 11:00,3,4.7
2013-4-12 12:00,2,4.9
2013-4-12 13:00,1,4.9
2013-4-12 14:00,1,4.9
2013-4-12 15:00,3,4.8
2013-4-12 16:00,2,4.7
2013-4-12 17:00,3,4.6
2013-4-12 18:00,3,4.7
2013-4-12 19:00,4,4.7
2013-4-12 20:00,2,4.7
2013-4-12 21:00,0,4.7
2013-4-12 22:00,-2,4.7
2013-4-12 23:00,-3,4.5
2013-4-13 0:00,-4,4.5
2013-4-13 1:00,-4,4.4
2013-4-13 2:00,-6,4.1
2013-4-13 3:00,-4,3.8
2013-4-13 4:00,-2,3.8
2013-4-13 5:00,1,4
2013-4-13 6:00,0,4.1
2013-4-13 7:00,-1,4
2013-4-13 8:00,-2,4.2
2013-4-13 9:00,-5,4
2013-4-13 10:00,-5,3.8
2013-4-13 11:00,-4,3.9
2013-4-13 12:00,-3,3.8
2013-4-13 13:00,-2,4
2013-4-13 14:00,0,4.2
2013-4-13 15:00,1,4.4
2013-4-13 16:00,0,3.8
2013-4-13 17:00,-3,3.6
2013-4-13 18:00,-5,3.5
2013-4-13 19:00,-4,3.8
2013-4-13 20:00,-1,4
2013-4-13 21:00,0,4.1
2013-4-13 22:00,1,3.6
2013-4-13 23:00,19,8.3
2013-4-14 0:00,16,10
2013-4-14 1:00,19,9.7
2013-4-14 2:00,20,10.8
2013-4-14 3:00,20,11.5
2013-4-14 4:00,18,11.4
2013-4-14 5:00,16,10.8
2013-4-14 6:00,12,9.1
2013-4-14 7:00,-1,8.9
2013-4-14 8:00,0,9.9
2013-4-14 9:00,8,12.9
2013-4-14 10:00,16,11.4
2013-4-14 11:00,17,11.2
2013-4-14 12:00,15,12.4
2013-4-14 13:00,14,12.3
2013-4-14 14:00,18,8.7
2013-4-14 15:00,16,8.4
2013-4-14 16:00,17,6.9
2013-4-14 17:00,10,8.3
2013-4-14 18:00,11,11.2
2013-4-14 19:00,17,12.6
2013-4-14 20:00,18,12.8
2013-4-14 21:00,14,12.3
2013-4-14 22:00,6,12.2
2013-4-14 23:00,0,12.3
2013-4-15 0:00,-4,12
2013-4-15 1:00,-3,11.9
2013-4-15 2:00,-4,11.6
2013-4-15 3:00,2,11
2013-4-15 4:00,3,10.7
2013-4-15 5:00,1,10.4
2013-4-15 6:00,3,10.1
2013-4-15 7:00,3,10.2
2013-4-15 8:00,-2,9.9
2013-4-15 9:00,-3,9.7
2013-4-15 10:00,-6,9.6
2013-4-15 11:00,-6,9.4
2013-4-15 12:00,-3,9.1
2013-4-15 13:00,-2,8.8
2013-4-15 14:00,0,8.4
2013-4-15 15:00,0,8
2013-4-15 16:00,-2,7.6
2013-4-15 17:00,-2,7.3
2013-4-15 18:00,-3,7
2013-4-15 19:00,3,6.5
2013-4-15 20:00,4,6.2
2013-4-15 21:00,5,5.6
2013-4-15 22:00,2,4.6
2013-4-15 23:00,-5,5.2
2013-4-16 0:00,-6,5.5
2013-4-16 1:00,-2,5.1
2013-4-16 2:00,1,5.1
2013-4-16 3:00,3,5
2013-4-16 4:00,4,4.6
2013-4-16 5:00,3,4.6
2013-4-16 6:00,3,4.5
2013-4-16 7:00,4,4.3
2013-4-16 8:00,4,4.2
2013-4-16 9:00,2,4.2
2013-4-16 10:00,1,4.3
2013-4-16 11:00,2,4.4
2013-4-16 12:00,3,4.5
2013-4-16 13:00,3,4.3
2013-4-16 14:00,3,4.2
2013-4-16 15:00,4,4.4
2013-4-16 16:00,2,4.6
2013-4-16 17:00,-1,4.7
2013-4-16 18:00,-6,4.5
2013-4-16 19:00,-11,4.7
2013-4-16 20:00,-14,4.4
2013-4-16 21:00,-15,4.1
2013-4-16 22:00,-17,4.1
2013-4-16 23:00,-16,4
2013-4-17 0:00,-14,3.9
2013-4-17 1:00,-13,3.8
2013-4-17 2:00,-15,3.9
2013-4-17 3:00,-14,3.8
2013-4-17 4:00,-11,3.9
2013-4-17 5:00,-8,3.8
2013-4-17 6:00,-11,3.7
2013-4-17 7:00,-12,3.7
2013-4-17 8:00,-10,3.3
2013-4-17 9:00,-9,3.1
2013-4-17 10:00,-8,3.1
2013-4-17 11:00,-7,2.9
2013-4-17 12:00,-6,3
2013-4-17 13:00,-8,3
2013-4-17 14:00,-9,3.1
2013-4-17 15:00,-8,3
2013-4-17 16:00,-6,3.1
2013-4-17 17:00,-5,3
2013-4-17 18:00,-5,3.1
2013-4-17 19:00,-4,3.1
2013-4-17 20:00,-2,3.1
2013-4-17 21:00,-1,3.3
2013-4-17 22:00,-2,3.6
2013-4-17 23:00,-3,3.7
2013-4-18 0:00,-6,3.6
2013-4-18 1:00,-8,3.4
2013-4-18 2:00,-5,3.1
2013-4-18 3:00,-3,3
2013-4-18 4:00,-2,3.1
2013-4-18 5:00,-1,3.2
2013-4-18 6:00,2,3.1
2013-4-18 7:00,4,3.1
2013-4-18 8:00,4,2.7
2013-4-18 9:00,6,3
2013-4-18 10:00,7,3.1
2013-4-18 11:00,6,3.1
2013-4-18 12:00,6,3.1
2013-4-18 13:00,7,3.3
2013-4-18 14:00,5,3.3
2013-4-18 15:00,2,3.5
2013-4-18 16:00,0,3.9
2013-4-18 17:00,0,4
2013-4-18 18:00,0,4.1
2013-4-18 19:00,1,3.9
2013-4-18 20:00,-2,3.6
2013-4-18 21:00,-4,3.5
2013-4-18 22:00,-4,3.5
2013-4-18 23:00,-3,3.5
2013-4-19 0:00,-2,3.6
2013-4-19 1:00,-2,3.5
2013-4-19 2:00,-2,3.5
2013-4-19 3:00,-1,3.5
2013-4-19 4:00,0,3.5
2013-4-19 5:00,0,3.4
2013-4-19 6:00,0,3.4
2013-4-19 7:00,1,3.4
2013-4-19 8:00,0,3.4
2013-4-19 9:00,-2,3.3
2013-4-19 10:00,-1,3.6
2013-4-19 11:00,0,3.7
2013-4-19 12:00,0,3.9
2013-4-19 13:00,2,3.7
2013-4-19 14:00,3,3.7
2013-4-19 15:00,5,3.9
2013-4-19 16:00,6,4.1
2013-4-19 17:00,5,4.2
2013-4-19 18:00,3,4.2
2013-4-19 19:00,3,4.9
2013-4-19 20:00,5,4.9
2013-4-19 21:00,3,5.3
2013-4-19 22:00,1,5.4
2013-4-19 23:00,3,5
2013-4-20 0:00,5,4.9
2013-4-20 1:00,8,4.5
2013-4-20 2:00,10,4.5
2013-4-20 3:00,10,4.5
2013-4-20 4:00,10,3.9
2013-4-20 5:00,9,4.1
2013-4-20 6:00,9,2.8
2013-4-20 7:00,11,3.2
2013-4-20 8:00,10,3.7
2013-4-20 9:00,5,5
2013-4-20 10:00,5,4.4
2013-4-20 11:00,5,4.5
2013-4-20 12:00,4,3.6
2013-4-20 13:00,4,3
2013-4-20 14:00,7,4
2013-4-20 15:00,8,4.5
2013-4-20 16:00,5,4.1
2013-4-20 17:00,0,4.2
2013-4-20 18:00,-3,4.8
2013-4-20 19:00,-3,4.2
2013-4-20 20:00,1,5.2
2013-4-20 21:00,6,4.6
2013-4-20 22:00,8,3.5
2013-4-20 23:00,7,3.4
2013-4-21 0:00,7,3.4
2013-4-21 1:00,9,2.5
2013-4-21 2:00,12,3
2013-4-21 3:00,12,3.1
2013-4-21 4:00,9,4.1
2013-4-21 5:00,8,4.5
2013-4-21 6:00,8,5.5
2013-4-21 7:00,7,6.2
2013-4-21 8:00,6,6.2
2013-4-21 9:00,5,6
2013-4-21 10:00,5,6.2
2013-4-21 11:00,3,6.4
2013-4-21 12:00,2,6.4
2013-4-21 13:00,3,6.3
2013-4-21 14:00,5,6.2
2013-4-21 15:00,6,6
2013-4-21 16:00,6,6.1
2013-4-21 17:00,11,5.1
2013-4-21 18:00,16,5.3
2013-4-21 19:00,17,4.8
2013-4-21 20:00,19,3.6
2013-4-21 21:00,18,3.8
2013-4-21 22:00,16,4.3
2013-4-21 23:00,15,4.1
2013-4-22 0:00,12,3.9
2013-4-22 1:00,10,4.6
2013-4-22 2:00,12,4.6
2013-4-22 3:00,8,3.9
2013-4-22 4:00,8,3.6
2013-4-22 5:00,8,3.8
2013-4-22 6:00,9,3.6
2013-4-22 7:00,9,5.1
2013-4-22 8:00,7,5.6
2013-4-22 9:00,9,5.9
2013-4-22 10:00,7,6
2013-4-22 11:00,4,6
2013-4-22 12:00,4,6
2013-4-22 13:00,3,6.2
2013-4-22 14:00,5,6
2013-4-22 15:00,7,5.2
2013-4-22 16:00,9,4.5
2013-4-22 17:00,12,4.4
2013-4-22 18:00,10,3.4
2013-4-22 19:00,6,5.2
2013-4-22 20:00,5,5.1
2013-4-22 21:00,6,2.1
2013-4-22 22:00,4,2.8
2013-4-22 23:00,8,2.6
2013-4-23 0:00,11,2.3
2013-4-23 1:00,10,2.6
2013-4-23 2:00,11,3
2013-4-23 3:00,11,3.1
2013-4-23 4:00,14,2.8
2013-4-23 5:00,22,4.6
2013-4-23 6:00,19,6.3
2013-4-23 7:00,12,7.9
2013-4-23 8:00,11,8.1
2013-4-23 9:00,12,8.7
2013-4-23 10:00,13,8.9
2013-4-23 11:00,15,8.5
2013-4-23 12:00,20,6.7
2013-4-23 13:00,22,7.2
2013-4-23 14:00,23,7.9
2013-4-23 15:00,24,8
2013-4-23 16:00,21,10.2
2013-4-23 17:00,22,11.3
2013-4-23 18:00,26,9.4
2013-4-23 19:00,28,8.7
2013-4-23 20:00,22,8.2
2013-4-23 21:00,16,10.2
2013-4-23 22:00,9,11.9
2013-4-23 23:00,4,12.4
2013-4-24 0:00,-6,9.5
2013-4-24 1:00,-11,10.4
2013-4-24 2:00,-16,10.3
2013-4-24 3:00,-22,10
2013-4-24 4:00,-30,7.1
2013-4-24 5:00,-31,6.8
2013-4-24 6:00,-20,8.5
2013-4-24 7:00,-16,13.8
2013-4-24 8:00,-9,16.5
2013-4-24 9:00,-6,17.6
2013-4-24 10:00,0,20.5
2013-4-24 11:00,-10,21.8
2013-4-24 12:00,-12,11.5
2013-4-24 13:00,-19,10.2
2013-4-24 14:00,-21,14.7
2013-4-24 15:00,-33,16.7
2013-4-24 16:00,-39,16.2
2013-4-24 17:00,-42,13.7
2013-4-24 18:00,-48,14
2013-4-24 19:00,-47,12.6
2013-4-24 20:00,-47,11.1
2013-4-24 21:00,-46,10
2013-4-24 22:00,-43,9.9
2013-4-24 23:00,-40,9.2
2013-4-25 0:00,-36,8
2013-4-25 1:00,-34,7.5
2013-4-25 2:00,-28,6.5
2013-4-25 3:00,-25,6
2013-4-25 4:00,-25,6.1
2013-4-25 5:00,-26,5.6
2013-4-25 6:00,-23,3.6
2013-4-25 7:00,-20,5.7
2013-4-25 8:00,-20,6.2
2013-4-25 9:00,-19,5.5
2013-4-25 10:00,-16,7.1
2013-4-25 11:00,-15,5.6
2013-4-25 12:00,-15,5.2
2013-4-25 13:00,-12,5.5
2013-4-25 14:00,-12,5.7
2013-4-25 15:00,-16,6.1
2013-4-25 16:00,-18,6.2
2013-4-25 17:00,-22,5.9
2013-4-25 18:00,-21,6.1
2013-4-25 19:00,-20,6.7
2013-4-25 20:00,-22,6.8
2013-4-25 21:00,-24,5.9
2013-4-25 22:00,-21,6.5
2013-4-25 23:00,-19,7.3
2013-4-26 0:00,-18,8.1
2013-4-26 1:00,-14,7.9
2013-4-26 2:00,-14,7
2013-4-26 3:00,-18,8.1
2013-4-26 4:00,-30,9.2
2013-4-26 5:00,-22,9
2013-4-26 6:00,-24,7.4
2013-4-26 7:00,-20,6.3
2013-4-26 8:00,-20,8.2
2013-4-26 9:00,-34,4.9
2013-4-26 10:00,-33,4.2
2013-4-26 11:00,-24,5
2013-4-26 12:00,-18,5.4
2013-4-26 13:00,-19,6.3
2013-4-26 14:00,-17,6.4
2013-4-26 15:00,-20,5.3
2013-4-26 16:00,-21,5.7
2013-4-26 17:00,-20,5.4
2013-4-26 18:00,-18,5.2
2013-4-26 19:00,-19,5
2013-4-26 20:00,-22,4.5
2013-4-26 21:00,-27,4.2
2013-4-26 22:00,-24,4.7
2013-4-26 23:00,-21,4.4
2013-4-27 0:00,-25,4.1
2013-4-27 1:00,-24,3.5
2013-4-27 2:00,-21,2.8
2013-4-27 3:00,-20,2.6
2013-4-27 4:00,-17,2.4
2013-4-27 5:00,-16,2.5
2013-4-27 6:00,-15,2.4
2013-4-27 7:00,-14,2.4
2013-4-27 8:00,-16,2.3
2013-4-27 9:00,-14,2.6
2013-4-27 10:00,-16,2.6
2013-4-27 11:00,-15,1.9
2013-4-27 12:00,-16,2.5
2013-4-27 13:00,-15,2.9
2013-4-27 14:00,-14,3.2
2013-4-27 15:00,-12,3.2
2013-4-27 16:00,-13,3
2013-4-27 17:00,-12,3.1
2013-4-27 18:00,-10,2.2
2013-4-27 19:00,-10,2.4
2013-4-27 20:00,-11,2.6
2013-4-27 21:00,-15,2.5
2013-4-27 22:00,-17,2.5
2013-4-27 23:00,-14,2.5
2013-4-28 0:00,-12,2.5
2013-4-28 1:00,-11,2.1
2013-4-28 2:00,-9,2.1
2013-4-28 3:00,-8,2.6
2013-4-28 4:00,-9,2.7
2013-4-28 5:00,-8,2.9
2013-4-28 6:00,-5,3.3
2013-4-28 7:00,0,4.4
2013-4-28 8:00,0,5.1
2013-4-28 9:00,-2,4.9
2013-4-28 10:00,-4,4.6
2013-4-28 11:00,-9,5.2
2013-4-28 12:00,-10,5.4
2013-4-28 13:00,-8,5.3
2013-4-28 14:00,-5,4.2
2013-4-28 15:00,-7,4
2013-4-28 16:00,-6,3.4
2013-4-28 17:00,-3,3.1
2013-4-28 18:00,-4,3.3
2013-4-28 19:00,-5,2.9
2013-4-28 20:00,-7,3
2013-4-28 21:00,-7,3.1
2013-4-28 22:00,-11,3.3
2013-4-28 23:00,-13,3.1
2013-4-29 0:00,-10,2.8
2013-4-29 1:00,-9,2.7
2013-4-29 2:00,-6,2.8
2013-4-29 3:00,-6,3
2013-4-29 4:00,-7,3.3
2013-4-29 5:00,-8,3
2013-4-29 6:00,-7,2.9
2013-4-29 7:00,-7,2.6
2013-4-29 8:00,-8,2.5
2013-4-29 9:00,-10,2.9
2013-4-29 10:00,-7,2.4
2013-4-29 11:00,-4,2.4
2013-4-29 12:00,-5,2.5
2013-4-29 13:00,-5,2.6
2013-4-29 14:00,-5,3.2
2013-4-29 15:00,-3,3.6
2013-4-29 16:00,2,3.6
2013-4-29 17:00,5,3.4
2013-4-29 18:00,3,3.4
2013-4-29 19:00,3,3.3
2013-4-29 20:00,2,3.1
2013-4-29 21:00,0,2.9
2013-4-29 22:00,-2,3.4
2013-4-29 23:00,-4,4
2013-4-30 0:00,-5,4.1
2013-4-30 1:00,-7,4
2013-4-30 2:00,-5,4.1
2013-4-30 3:00,-6,4.2
2013-4-30 4:00,-8,4
2013-4-30 5:00,-8,4.2
2013-4-30 6:00,-8,4.8
2013-4-30 7:00,-8,5
2013-4-30 8:00,-12,5.3
2013-4-30 9:00,-10,5.1
2013-4-30 10:00,-2,8.1
2013-4-30 11:00,1,9.5
2013-4-30 12:00,2,9.6
2013-4-30 13:00,4,8.9
2013-4-30 14:00,3,9.7
2013-4-30 15:00,0,10.1
2013-4-30 16:00,1,10.5
2013-4-30 17:00,1,10
2013-4-30 18:00,2,9.8
2013-4-30 19:00,1,10.2
2013-4-30 20:00,1,10.3
2013-4-30 21:00,-2,10.3
2013-4-30 22:00,-3,10.1
2013-4-30 23:00,-7,9.8
2013-5-1 0:00,-13,9.7
2013-5-1 1:00,-19,9.8
2013-5-1 2:00,-22,9.7
2013-5-1 3:00,-23,9.4
2013-5-1 4:00,-30,9.3
2013-5-1 5:00,-29,10.1
2013-5-1 6:00,-33,10.9
2013-5-1 7:00,-47,11.1
2013-5-1 8:00,-44,10.8
2013-5-1 9:00,-40,9.9
2013-5-1 10:00,-42,8
2013-5-1 11:00,-43,7.8
2013-5-1 12:00,-51,10
2013-5-1 13:00,-53,10.9
2013-5-1 14:00,-49,10.6
2013-5-1 15:00,-55,10.4
2013-5-1 16:00,-60,9.4
2013-5-1 17:00,-67,8.7
2013-5-1 18:00,-72,8.3
2013-5-1 19:00,-70,7.8
2013-5-1 20:00,-65,6.6
2013-5-1 21:00,-64,6.6
2013-5-1 22:00,-65,5.1
2013-5-1 23:00,-53,4.9
2013-5-2 0:00,-47,5.3
2013-5-2 1:00,-54,5
2013-5-2 2:00,-57,4.8
2013-5-2 3:00,-53,4.6
2013-5-2 4:00,-47,4.4
2013-5-2 5:00,-42,5.2
2013-5-2 6:00,-43,4.8
2013-5-2 7:00,-37,4.4
2013-5-2 8:00,-33,4.4
2013-5-2 9:00,-37,4.7
2013-5-2 10:00,-37,4.7
2013-5-2 11:00,-32,4.7
2013-5-2 12:00,-30,4.5
2013-5-2 13:00,-29,4.6
2013-5-2 14:00,-29,4.4
2013-5-2 15:00,-28,4.3
2013-5-2 16:00,-30,4
2013-5-2 17:00,-29,3.9
2013-5-2 18:00,-32,3.8
2013-5-2 19:00,-33,4
2013-5-2 20:00,-32,3.9
2013-5-2 21:00,-30,3.8
2013-5-2 22:00,-29,3.8
2013-5-2 23:00,-26,3.7
2013-5-3 0:00,-25,3.6
2013-5-3 1:00,-25,3.4
2013-5-3 2:00,-23,3.6
2013-5-3 3:00,-21,3.5
2013-5-3 4:00,-22,3.4
2013-5-3 5:00,-21,3.4
2013-5-3 6:00,-21,3.4
2013-5-3 7:00,-18,3.4
2013-5-3 8:00,-17,3.4
2013-5-3 9:00,-19,3.4
2013-5-3 10:00,-19,3.5
2013-5-3 11:00,-18,3.5
2013-5-3 12:00,-17,3.7
2013-5-3 13:00,-15,3.8
2013-5-3 14:00,-16,3.7
2013-5-3 15:00,-16,3.8
2013-5-3 16:00,-16,3.9
2013-5-3 17:00,-16,3.7
2013-5-3 18:00,-16,3.7
2013-5-3 19:00,-14,3.7
2013-5-3 20:00,-17,3.7
2013-5-3 21:00,-18,3.8
2013-5-3 22:00,-18,4
2013-5-3 23:00,-20,4.1
2013-5-4 0:00,-19,4
2013-5-4 1:00,-17,4
2013-5-4 2:00,-14,4
2013-5-4 3:00,-13,3.9
2013-5-4 4:00,-14,3.9
2013-5-4 5:00,-15,3.9
2013-5-4 6:00,-13,3.8
2013-5-4 7:00,-13,3.7
2013-5-4 8:00,-15,3.8
2013-5-4 9:00,-15,3.8
2013-5-4 10:00,-13,3.8
2013-5-4 11:00,-13,3.4
2013-5-4 12:00,-13,2.7
2013-5-4 13:00,-13,3.2
2013-5-4 14:00,-16,3
2013-5-4 15:00,-15,3.5
2013-5-4 16:00,-16,4
2013-5-4 17:00,-18,4.3
2013-5-4 18:00,-20,4.4
2013-5-4 19:00,-25,4.4
2013-5-4 20:00,-26,4.1
2013-5-4 21:00,-23,3.8
2013-5-4 22:00,-24,3.9
2013-5-4 23:00,-27,4.2
2013-5-5 0:00,-27,4.3
2013-5-5 1:00,-25,4.7
2013-5-5 2:00,-23,4.8
2013-5-5 3:00,-24,4.7
2013-5-5 4:00,-25,5
2013-5-5 5:00,-29,5.1
2013-5-5 6:00,-33,5
2013-5-5 7:00,-28,5
2013-5-5 8:00,-25,5.3
2013-5-5 9:00,-19,5.6
2013-5-5 10:00,-14,6.3
2013-5-5 11:00,-15,6.6
2013-5-5 12:00,-14,6.7
2013-5-5 13:00,-12,6.8
2013-5-5 14:00,-11,6.7
2013-5-5 15:00,-11,7.2
2013-5-5 16:00,-3,4.1
2013-5-5 17:00,-3,3.9
2013-5-5 18:00,-5,6.2
2013-5-5 19:00,-5,6.8
2013-5-5 20:00,-5,6.9
2013-5-5 21:00,-6,6.3
2013-5-5 22:00,-4,5.3
2013-5-5 23:00,-2,5.9
2013-5-6 0:00,-2,7
2013-5-6 1:00,-1,6.3
2013-5-6 2:00,0,5.7
2013-5-6 3:00,-1,5.3
2013-5-6 4:00,1,5.4
2013-5-6 5:00,3,5
2013-5-6 6:00,7,8.9
2013-5-6 7:00,5,7.7
2013-5-6 8:00,7,10.9
2013-5-6 9:00,-3,11.7
2013-5-6 10:00,-2,11.8
2013-5-6 11:00,2,10.8
2013-5-6 12:00,8,9.1
2013-5-6 13:00,10,9.6
2013-5-6 14:00,10,10.4
2013-5-6 15:00,13,10.8
2013-5-6 16:00,9,9.6
2013-5-6 17:00,10,7.5
2013-5-6 18:00,8,6.4
2013-5-6 19:00,6,6
2013-5-6 20:00,2,6.3
2013-5-6 21:00,-9,6.4
2013-5-6 22:00,-9,5
2013-5-6 23:00,-9,6.2
2013-5-7 0:00,-8,7.2
2013-5-7 1:00,-12,7
2013-5-7 2:00,-15,7.6
2013-5-7 3:00,-12,8.3
2013-5-7 4:00,-8,8.3
2013-5-7 5:00,-10,8.1
2013-5-7 6:00,-9,7.9
2013-5-7 7:00,-5,7.8
2013-5-7 8:00,-7,7.6
2013-5-7 9:00,-6,7.3
2013-5-7 10:00,-4,7.2
2013-5-7 11:00,-3,6.9
2013-5-7 12:00,-3,5.9
2013-5-7 13:00,-3,5.5
2013-5-7 14:00,0,5.3
2013-5-7 15:00,0,5.3
2013-5-7 16:00,0,4.6
2013-5-7 17:00,-1,4.8
2013-5-7 18:00,-1,4.8
2013-5-7 19:00,-3,4.6
2013-5-7 20:00,-6,3.7
2013-5-7 21:00,-9,4.7
2013-5-7 22:00,-9,4.6
2013-5-7 23:00,-6,4.4
2013-5-8 0:00,-4,4.5
2013-5-8 1:00,-3,4.4
2013-5-8 2:00,0,4.4
2013-5-8 3:00,0,4.5
2013-5-8 4:00,-4,4.5
2013-5-8 5:00,-7,4.4
2013-5-8 6:00,-7,4
2013-5-8 7:00,-3,4
2013-5-8 8:00,-6,4.2
2013-5-8 9:00,-9,4.2
2013-5-8 10:00,-6,4.2
2013-5-8 11:00,-6,3.9
2013-5-8 12:00,-3,3.9
2013-5-8 13:00,-2,4.1
2013-5-8 14:00,-1,4.1
2013-5-8 15:00,-1,3.9
2013-5-8 16:00,-3,3.8
2013-5-8 17:00,-7,4.2
2013-5-8 18:00,-5,4.1
2013-5-8 19:00,-5,3.9
2013-5-8 20:00,-5,3.8
2013-5-8 21:00,-6,3.9
2013-5-8 22:00,-8,3.9
2013-5-8 23:00,-7,3.8
2013-5-9 0:00,-9,3.9
2013-5-9 1:00,-9,3.9
2013-5-9 2:00,-7,3.9
2013-5-9 3:00,-6,3.9
2013-5-9 4:00,-6,3.9
2013-5-9 5:00,-5,3.6
2013-5-9 6:00,-3,3.9
2013-5-9 7:00,-4,4
2013-5-9 8:00,-2,3.8
2013-5-9 9:00,0,3.9
2013-5-9 10:00,1,4
2013-5-9 11:00,2,4.1
2013-5-9 12:00,3,3.9
2013-5-9 13:00,5,3.9
2013-5-9 14:00,4,3.7
2013-5-9 15:00,2,3.1
2013-5-9 16:00,0,3.6
2013-5-9 17:00,-2,4.3
2013-5-9 18:00,-4,4.3
2013-5-9 19:00,-4,4.3
2013-5-9 20:00,0,4
2013-5-9 21:00,2,4.1
2013-5-9 22:00,5,4.3
2013-5-9 23:00,5,4
2013-5-10 0:00,6,3.8
2013-5-10 1:00,9,3.6
2013-5-10 2:00,10,3.2
2013-5-10 3:00,7,3.2
2013-5-10 4:00,3,3.3
2013-5-10 5:00,1,3.3
2013-5-10 6:00,1,3.4
2013-5-10 7:00,0,3.4
2013-5-10 8:00,-1,3.4
2013-5-10 9:00,0,3.4
2013-5-10 10:00,-2,3.1
2013-5-10 11:00,-2,3.6
2013-5-10 12:00,-3,3.2
2013-5-10 13:00,-1,3.1
2013-5-10 14:00,6,3.4
2013-5-10 15:00,10,3.4
2013-5-10 16:00,9,3.4
2013-5-10 17:00,7,3.3
2013-5-10 18:00,5,3.4
2013-5-10 19:00,4,3.3
2013-5-10 20:00,4,3.3
2013-5-10 21:00,2,3.4
2013-5-10 22:00,0,3.4
2013-5-10 23:00,3,3.5
2013-5-11 0:00,5,3.5
2013-5-11 1:00,3,3.5
2013-5-11 2:00,3,2.9
2013-5-11 3:00,2,3
2013-5-11 4:00,3,3.4
2013-5-11 5:00,1,2.8
2013-5-11 6:00,1,3.2
2013-5-11 7:00,2,3.1
2013-5-11 8:00,2,3.5
2013-5-11 9:00,2,3.6
2013-5-11 10:00,2,3.6
2013-5-11 11:00,2,3.3
2013-5-11 12:00,0,3.5
2013-5-11 13:00,-1,3.5
2013-5-11 14:00,-2,3.7
2013-5-11 15:00,-2,3.7
2013-5-11 16:00,-1,3.7
2013-5-11 17:00,0,3.7
2013-5-11 18:00,1,3.2
2013-5-11 19:00,2,3
2013-5-11 20:00,2,3.4
2013-5-11 21:00,2,3.2
2013-5-11 22:00,1,3.3
2013-5-11 23:00,0,3.4
2013-5-12 0:00,1,3.4
2013-5-12 1:00,1,3.5
2013-5-12 2:00,-1,3.5
2013-5-12 3:00,-3,3.3
2013-5-12 4:00,-3,3.2
2013-5-12 5:00,-3,3.3
2013-5-12 6:00,-3,3.3
2013-5-12 7:00,-3,3.5
2013-5-12 8:00,-5,3.5
2013-5-12 9:00,-4,3.6
2013-5-12 10:00,-3,3.5
2013-5-12 11:00,-2,3.3
2013-5-12 12:00,-1,3.5
2013-5-12 13:00,0,3.3
2013-5-12 14:00,1,3.4
2013-5-12 15:00,3,3.5
2013-5-12 16:00,6,3.6
2013-5-12 17:00,8,3.7
2013-5-12 18:00,7,3.7
2013-5-12 19:00,5,3.7
2013-5-12 20:00,7,4
2013-5-12 21:00,8,4
2013-5-12 22:00,5,4.1
2013-5-12 23:00,5,3.9
2013-5-13 0:00,2,4
2013-5-13 1:00,5,4
2013-5-13 2:00,5,3.8
2013-5-13 3:00,4,3.9
2013-5-13 4:00,5,4.9
2013-5-13 5:00,6,5.8
2013-5-13 6:00,7,6.4
2013-5-13 7:00,4,6
2013-5-13 8:00,1,6
2013-5-13 9:00,0,5.8
2013-5-13 10:00,3,6.2
2013-5-13 11:00,8,6.2
2013-5-13 12:00,7,6
2013-5-13 13:00,7,6.3
2013-5-13 14:00,7,6.4
2013-5-13 15:00,9,6.3
2013-5-13 16:00,12,6.3
2013-5-13 17:00,11,6.6
2013-5-13 18:00,12,6.8
2013-5-13 19:00,12,6.2
2013-5-13 20:00,13,4.6
2013-5-13 21:00,12,3.7
2013-5-13 22:00,13,3.3
2013-5-13 23:00,15,4.9
2013-5-14 0:00,16,4.5
2013-5-14 1:00,17,4.2
2013-5-14 2:00,11,4.8
2013-5-14 3:00,8,5.3
2013-5-14 4:00,9,5.3
2013-5-14 5:00,12,5
2013-5-14 6:00,14,4.4
2013-5-14 7:00,12,5.4
2013-5-14 8:00,4,5.9
2013-5-14 9:00,-6,7.7
2013-5-14 10:00,-13,7.9
2013-5-14 11:00,-18,7.9
2013-5-14 12:00,-13,8.1
2013-5-14 13:00,-11,7.8
2013-5-14 14:00,-10,8.3
2013-5-14 15:00,-14,8.2
2013-5-14 16:00,-15,8.1
2013-5-14 17:00,-13,8
2013-5-14 18:00,-11,8.3
2013-5-14 19:00,-6,8.3
2013-5-14 20:00,-10,8.2
2013-5-14 21:00,-12,8.5
2013-5-14 22:00,-7,8.1
2013-5-14 23:00,-2,8.4
2013-5-15 0:00,-2,8.8
2013-5-15 1:00,-3,7.6
2013-5-15 2:00,-3,6.5
2013-5-15 3:00,1,6.4
2013-5-15 4:00,7,6.5
2013-5-15 5:00,11,6.6
2013-5-15 6:00,11,6
2013-5-15 7:00,8,7.9
2013-5-15 8:00,5,7.6
2013-5-15 9:00,16,8.4
2013-5-15 10:00,14,8.8
2013-5-15 11:00,12,8.8
2013-5-15 12:00,8,9.6
2013-5-15 13:00,14,6.4
2013-5-15 14:00,10,10.8
2013-5-15 15:00,14,9.6
2013-5-15 16:00,15,8.7
2013-5-15 17:00,12,8.2
2013-5-15 18:00,9,7.8
2013-5-15 19:00,11,6.3
2013-5-15 20:00,12,6.9
2013-5-15 21:00,6,6.9
2013-5-15 22:00,6,6.4
2013-5-15 23:00,6,6.2
2013-5-16 0:00,8,5.8
2013-5-16 1:00,9,5.8
2013-5-16 2:00,0,6.6
2013-5-16 3:00,-4,6
2013-5-16 4:00,-3,5.4
2013-5-16 5:00,-5,6.2
2013-5-16 6:00,-9,6.9
2013-5-16 7:00,-11,7
2013-5-16 8:00,-9,6.9
2013-5-16 9:00,-6,6.8
2013-5-16 10:00,-3,6.6
2013-5-16 11:00,-6,5.9
2013-5-16 12:00,-6,5.6
2013-5-16 13:00,-4,5.6
2013-5-16 14:00,10,2.9
2013-5-16 15:00,1,4.3
2013-5-16 16:00,8,5
2013-5-16 17:00,0,5.5
2013-5-16 18:00,-4,6.2
2013-5-16 19:00,-12,6.3
2013-5-16 20:00,-21,6.1
2013-5-16 21:00,-24,6
2013-5-16 22:00,-32,5.9
2013-5-16 23:00,-35,6.2
2013-5-17 0:00,-33,5.3
2013-5-17 1:00,-28,5.6
2013-5-17 2:00,-25,5.5
2013-5-17 3:00,-26,4.8
2013-5-17 4:00,-25,4.8
2013-5-17 5:00,-25,4.7
2013-5-17 6:00,-22,4.7
2013-5-17 7:00,-16,5.4
2013-5-17 8:00,-7,5.8
2013-5-17 9:00,-3,5.1
2013-5-17 10:00,-1,5
2013-5-17 11:00,-4,4.9
2013-5-17 12:00,-4,4.5
2013-5-17 13:00,-1,4.9
2013-5-17 14:00,4,4.3
2013-5-17 15:00,3,5.8
2013-5-17 16:00,1,5.9
2013-5-17 17:00,-8,7.1
2013-5-17 18:00,-7,6.9
2013-5-17 19:00,-11,7.3
2013-5-17 20:00,-9,7.5
2013-5-17 21:00,-10,7.5
2013-5-17 22:00,-15,7.4
2013-5-17 23:00,-18,7.5
2013-5-18 0:00,-18,7.5
2013-5-18 1:00,-17,11.2
2013-5-18 2:00,-32,9.6
2013-5-18 3:00,-53,10.1
2013-5-18 4:00,-61,11.2
2013-5-18 5:00,-55,8.2
2013-5-18 6:00,-52,8.8
2013-5-18 7:00,-56,8.5
2013-5-18 8:00,-61,9.8
2013-5-18 9:00,-52,8.4
2013-5-18 10:00,-44,8
2013-5-18 11:00,-40,8.5
2013-5-18 12:00,-35,6.5
2013-5-18 13:00,-32,5.7
2013-5-18 14:00,-27,6
2013-5-18 15:00,-26,8.3
2013-5-18 16:00,-25,7.5
2013-5-18 17:00,-29,8.8
2013-5-18 18:00,-34,9.3
2013-5-18 19:00,-35,9.7
2013-5-18 20:00,-34,9.4
2013-5-18 21:00,-39,8.9
2013-5-18 22:00,-44,8.4
2013-5-18 23:00,-47,8.1
2013-5-19 0:00,-46,7.7
2013-5-19 1:00,-45,7.2
2013-5-19 2:00,-43,6.4
2013-5-19 3:00,-37,6.4
2013-5-19 4:00,-34,5.2
2013-5-19 5:00,-32,5.2
2013-5-19 6:00,-32,5
2013-5-19 7:00,-36,5.6
2013-5-19 8:00,-38,6.4
2013-5-19 9:00,-42,5.7
2013-5-19 10:00,-44,5.6
2013-5-19 11:00,-45,5.7
2013-5-19 12:00,-46,5.9
2013-5-19 13:00,-48,5.7
2013-5-19 14:00,-51,5.8
2013-5-19 15:00,-51,4.2
2013-5-19 16:00,-49,3.4
2013-5-19 17:00,-43,4.2
2013-5-19 18:00,-38,2.8
2013-5-19 19:00,-36,3.7
2013-5-19 20:00,-36,4.1
2013-5-19 21:00,-36,4.6
2013-5-19 22:00,-34,5.2
2013-5-19 23:00,-18,9.3
2013-5-20 0:00,-14,13.1
2013-5-20 1:00,-15,9.8
2013-5-20 2:00,-14,9.8
2013-5-20 3:00,-11,8.8
2013-5-20 4:00,-10,9.4
2013-5-20 5:00,-11,8
2013-5-20 6:00,-12,7.6
2013-5-20 7:00,-13,7
2013-5-20 8:00,-14,6.3
2013-5-20 9:00,-11,5.7
2013-5-20 10:00,-8,5.4
2013-5-20 11:00,-6,5.7
2013-5-20 12:00,-7,6
2013-5-20 13:00,-6,5.3
2013-5-20 14:00,-6,4.4
2013-5-20 15:00,-7,4.9
2013-5-20 16:00,-8,3.6
2013-5-20 17:00,-12,3.2
2013-5-20 18:00,-11,3.4
2013-5-20 19:00,-11,2.6
2013-5-20 20:00,-9,4
2013-5-20 21:00,-12,4.5
2013-5-20 22:00,-14,4.6
2013-5-20 23:00,-14,3.9
2013-5-21 0:00,-12,4.2
2013-5-21 1:00,-13,3.3
2013-5-21 2:00,-15,3.9
2013-5-21 3:00,-14,3.2
2013-5-21 4:00,-15,3.8
2013-5-21 5:00,-16,4
2013-5-21 6:00,-16,3.9
2013-5-21 7:00,-20,3.6
2013-5-21 8:00,-16,3.9
2013-5-21 9:00,-9,4.1
2013-5-21 10:00,-9,3.6
2013-5-21 11:00,-9,3.5
2013-5-21 12:00,-9,3.1
2013-5-21 13:00,-7,4.2
2013-5-21 14:00,-8,4.3
2013-5-21 15:00,-8,4.4
2013-5-21 16:00,-7,4.1
2013-5-21 17:00,-7,4.6
2013-5-21 18:00,-8,5.6
2013-5-21 19:00,-10,5.8
2013-5-21 20:00,-11,5.7
2013-5-21 21:00,-7,5.7
2013-5-21 22:00,-4,5.6
2013-5-21 23:00,-10,5.1
2013-5-22 0:00,-13,4.6
2013-5-22 1:00,-16,5.6
2013-5-22 2:00,-8,4.9
2013-5-22 3:00,-1,5
2013-5-22 4:00,1,5.1
2013-5-22 5:00,-1,5.3
2013-5-22 6:00,2,3.7
2013-5-22 7:00,8,1.9
2013-5-22 8:00,11,3.9
2013-5-22 9:00,9,3.8
2013-5-22 10:00,1,3.4
2013-5-22 11:00,5,3.7
2013-5-22 12:00,12,2.9
2013-5-22 13:00,8,2.7
2013-5-22 14:00,12,3.1
2013-5-22 15:00,9,3.1
2013-5-22 16:00,-1,2.8
2013-5-22 17:00,-7,3
2013-5-22 18:00,-6,4
2013-5-22 19:00,-6,3.5
2013-5-22 20:00,-15,5.6
2013-5-22 21:00,-18,6.4
2013-5-22 22:00,-21,6.5
2013-5-22 23:00,-15,6.7
2013-5-23 0:00,-11,7
2013-5-23 1:00,-8,7.6
2013-5-23 2:00,-7,8.1
2013-5-23 3:00,-10,8.2
2013-5-23 4:00,-5,6.9
2013-5-23 5:00,-6,6.9
2013-5-23 6:00,-4,6.5
2013-5-23 7:00,-5,6.3
2013-5-23 8:00,-7,6
2013-5-23 9:00,-9,5.3
2013-5-23 10:00,-8,5.8
2013-5-23 11:00,-5,6.1
2013-5-23 12:00,-6,6.1
2013-5-23 13:00,-3,6.3
2013-5-23 14:00,-1,6.8
2013-5-23 15:00,-4,7.3
2013-5-23 16:00,-6,6.8
2013-5-23 17:00,-7,7.6
2013-5-23 18:00,-7,7.7
2013-5-23 19:00,-10,7
2013-5-23 20:00,-11,6.5
2013-5-23 21:00,-15,6.8
2013-5-23 22:00,-16,6.9
2013-5-23 23:00,-14,7.1
2013-5-24 0:00,-8,5.8
2013-5-24 1:00,-5,4.9
2013-5-24 2:00,-5,5.2
2013-5-24 3:00,-4,6.1
2013-5-24 4:00,-5,6.7
2013-5-24 5:00,-10,7.2
2013-5-24 6:00,-8,6.1
2013-5-24 7:00,-7,6.6
2013-5-24 8:00,-10,6.8
2013-5-24 9:00,-16,6.7
2013-5-24 10:00,-19,6.7
2013-5-24 11:00,-18,6.8
2013-5-24 12:00,-22,7.2
2013-5-24 13:00,-27,6.8
2013-5-24 14:00,-25,6.9
2013-5-24 15:00,-21,6.6
2013-5-24 16:00,-22,5.7
2013-5-24 17:00,-20,6.1
2013-5-24 18:00,-5,11.3
2013-5-24 19:00,-11,10.9
2013-5-24 20:00,-20,11.4
2013-5-24 21:00,-27,11.6
2013-5-24 22:00,-19,9.2
2013-5-24 23:00,-19,8.1
2013-5-25 0:00,-22,7.2
2013-5-25 1:00,-21,7.3
2013-5-25 2:00,-27,7
2013-5-25 3:00,-41,7.2
2013-5-25 4:00,-47,6.9
2013-5-25 5:00,-58,5.4
2013-5-25 6:00,-59,3.9
2013-5-25 7:00,-51,4.8
2013-5-25 8:00,-38,4.9
2013-5-25 9:00,-30,4.3
2013-5-25 10:00,-20,9
2013-5-25 11:00,-36,9.5
2013-5-25 12:00,-31,10.5
2013-5-25 13:00,-28,7.6
2013-5-25 14:00,-30,8.9
2013-5-25 15:00,-37,10.9
2013-5-25 16:00,-49,11.1
2013-5-25 17:00,-55,10
2013-5-25 18:00,-53,11.1
2013-5-25 19:00,-56,11
2013-5-25 20:00,-47,10.6
2013-5-25 21:00,-51,12.1
2013-5-25 22:00,-51,10.7
2013-5-25 23:00,-42,11.3
2013-5-26 0:00,-22,9.7
2013-5-26 1:00,-11,10.9
2013-5-26 2:00,-20,11
2013-5-26 3:00,-30,10.9
2013-5-26 4:00,-28,10.6
2013-5-26 5:00,-43,10.1
2013-5-26 6:00,-41,9.3
2013-5-26 7:00,-41,8.3
2013-5-26 8:00,-39,6.6
2013-5-26 9:00,-41,5.4
2013-5-26 10:00,-42,4.4
2013-5-26 11:00,-41,4.8
2013-5-26 12:00,-37,4.8
2013-5-26 13:00,-35,4.9
2013-5-26 14:00,-32,5
2013-5-26 15:00,-30,5.1
2013-5-26 16:00,-28,5.2
2013-5-26 17:00,-28,5.4
2013-5-26 18:00,-26,5.8
2013-5-26 19:00,-32,5.5
2013-5-26 20:00,-34,5.3
2013-5-26 21:00,-36,5.4
2013-5-26 22:00,-41,5.2
2013-5-26 23:00,-37,5.2
2013-5-27 0:00,-31,4.8
2013-5-27 1:00,-28,4.9
2013-5-27 2:00,-25,4.9
2013-5-27 3:00,-30,5.3
2013-5-27 4:00,-36,4.9
2013-5-27 5:00,-33,4.9
2013-5-27 6:00,-29,4.7
2013-5-27 7:00,-29,4.2
2013-5-27 8:00,-29,4.8
2013-5-27 9:00,-26,4.5
2013-5-27 10:00,-26,3.7
2013-5-27 11:00,-20,4.8
2013-5-27 12:00,-22,4.6
2013-5-27 13:00,-26,5.1
2013-5-27 14:00,-28,5.6
2013-5-27 15:00,-24,6.1
2013-5-27 16:00,-22,5.4
2013-5-27 17:00,-21,5
2013-5-27 18:00,-26,5.1
2013-5-27 19:00,-30,5
2013-5-27 20:00,-29,5.5
2013-5-27 21:00,-27,5.4
2013-5-27 22:00,-29,5.4
2013-5-27 23:00,-29,5.8
2013-5-28 0:00,-32,5.7
2013-5-28 1:00,-34,5.9
2013-5-28 2:00,-31,5.8
2013-5-28 3:00,-34,3.8
2013-5-28 4:00,-31,3.6
2013-5-28 5:00,-27,3.5
2013-5-28 6:00,-27,3.4
2013-5-28 7:00,-26,3.3
2013-5-28 8:00,-24,3
2013-5-28 9:00,-28,3
2013-5-28 10:00,-26,2.9
2013-5-28 11:00,-23,3
2013-5-28 12:00,-23,2.7
2013-5-28 13:00,-24,2.8
2013-5-28 14:00,-22,3
2013-5-28 15:00,-21,3
2013-5-28 16:00,-22,3.2
2013-5-28 17:00,-23,3.1
2013-5-28 18:00,-23,3.2
2013-5-28 19:00,-22,3.2
2013-5-28 20:00,-21,3
2013-5-28 21:00,-22,3.1
2013-5-28 22:00,-22,3.2
2013-5-28 23:00,-20,3.3
2013-5-29 0:00,-19,3.4
2013-5-29 1:00,-19,3.4
2013-5-29 2:00,-17,3.4
2013-5-29 3:00,-15,3.2
2013-5-29 4:00,-14,3.2
2013-5-29 5:00,-15,3.4
2013-5-29 6:00,-14,3.5
2013-5-29 7:00,-15,3.7
2013-5-29 8:00,-15,3.8
2013-5-29 9:00,-16,3.7
2013-5-29 10:00,-17,3.4
2013-5-29 11:00,-19,3.3
2013-5-29 12:00,-21,3.4
2013-5-29 13:00,-21,3.4
2013-5-29 14:00,-20,3.1
2013-5-29 15:00,-19,2.9
2013-5-29 16:00,-20,2.9
2013-5-29 17:00,-19,2.9
2013-5-29 18:00,-17,2.8
2013-5-29 19:00,-16,2.7
2013-5-29 20:00,-16,2.7
2013-5-29 21:00,-17,2.7
2013-5-29 22:00,-17,2.8
2013-5-29 23:00,-15,2.9
2013-5-30 0:00,-15,2.7
2013-5-30 1:00,-16,2.7
2013-5-30 2:00,-14,2.8
2013-5-30 3:00,-12,2.8
2013-5-30 4:00,-13,2.7
2013-5-30 5:00,-13,2.7
2013-5-30 6:00,-13,2.7
2013-5-30 7:00,-12,2.8
2013-5-30 8:00,-11,2.8
2013-5-30 9:00,-11,2.9
2013-5-30 10:00,-12,2.8
2013-5-30 11:00,-11,2.8
2013-5-30 12:00,-10,2.6
2013-5-30 13:00,-10,2.6
2013-5-30 14:00,-12,2.9
2013-5-30 15:00,-12,2.9
2013-5-30 16:00,-10,2.9
2013-5-30 17:00,-7,2
2013-5-30 18:00,-9,2.5
2013-5-30 19:00,-10,2.8
2013-5-30 20:00,-10,2.6
2013-5-30 21:00,-11,2.5
2013-5-30 22:00,-12,2.3
2013-5-30 23:00,-11,2.2
2013-5-31 0:00,-8,1.8
2013-5-31 1:00,-6,1.8
2013-5-31 2:00,-3,2
2013-5-31 3:00,0,2
2013-5-31 4:00,0,1.9
2013-5-31 5:00,-4,2.1
2013-5-31 6:00,-2,2.6
2013-5-31 7:00,2,2.7
2013-5-31 8:00,2,3.5
2013-5-31 9:00,-1,3.6
2013-5-31 10:00,-2,4.2
2013-5-31 11:00,-5,3.8
2013-5-31 12:00,-4,3.5
2013-5-31 13:00,-4,3.8
2013-5-31 14:00,-2,3.5
2013-5-31 15:00,-1,3.3
2013-5-31 16:00,10,7.2
2013-5-31 17:00,16,8.9
2013-5-31 18:00,14,7.9
2013-5-31 19:00,11,7.9
2013-5-31 20:00,9,6.7
2013-5-31 21:00,6,7.9
2013-5-31 22:00,6,8.3
2013-5-31 23:00,5,10.4
